/* Generated by Model/generate-face-debug-fixture.py. */
#include "app/face_debug_image.h"

const uint16_t g_face_debug_image_rgb565[FACE_DEBUG_IMAGE_WIDTH *
                                                FACE_DEBUG_IMAGE_HEIGHT] = {
  0x9cb3, 0xad34, 0x8c10, 0x0823, 0x0000, 0x1045, 0x1025, 0x1886, 0x5269, 0x1885, 0x6aed, 0xa4f3,
  0xa4f3, 0xa514, 0xa514, 0xa514, 0xa514, 0xa514, 0xad35, 0xad55, 0xad55, 0xad55, 0xad55, 0xad75,
  0xb575, 0xb596, 0xb596, 0xb596, 0xb575, 0xad34, 0xad33, 0xad33, 0xad34, 0xb554, 0xb575, 0xbd96,
  0xc5b6, 0xc5d6, 0xc5d6, 0xc5d6, 0xc5d6, 0xc5b6, 0xbdb6, 0xbd95, 0xbdb6, 0xc5f7, 0xce18, 0xce38,
  0xce38, 0xce38, 0xce17, 0xc5f7, 0xc5f7, 0xc5f7, 0xc5f7, 0xc5d6, 0xc5d7, 0xc5d7, 0xc5d7, 0xc5d7,
  0xc618, 0xce38, 0xce59, 0xd659, 0xd659, 0xce39, 0xd639, 0xce38, 0xce38, 0xce38, 0xce38, 0xce38,
  0xce38, 0xce38, 0xce38, 0xce38, 0xce38, 0xce18, 0xce17, 0xc5f7, 0xc5d7, 0xc5f7, 0xcdf7, 0xce18,
  0xce18, 0xce38, 0xd658, 0xd679, 0xde99, 0xde99, 0xd679, 0xd658, 0xce17, 0xcdd7, 0xc5d6, 0xc595,
  0xc575, 0xc575, 0xbd75, 0xbd34, 0xb534, 0x93cc, 0x6a81, 0x6a81, 0x5a00, 0x3920, 0x730b, 0xb514,
  0xacf3, 0xad13, 0xacf3, 0xa4d3, 0xa4d2, 0xa4d2, 0xa4b2, 0xa4b2, 0xa491, 0x9c70, 0x9450, 0x8c0f,
  0x8c0f, 0x83ee, 0x83ee, 0x83ce, 0x83ce, 0x83ce, 0x7bae, 0x7bad, 0xef1c, 0xce58, 0x4a2c, 0x0804,
  0x0000, 0x0824, 0x1046, 0x1866, 0x7b8c, 0x4208, 0x4a09, 0xad13, 0xad14, 0xad34, 0xa514, 0xa514,
  0xa534, 0xad35, 0xad55, 0xad55, 0xad55, 0xad55, 0xad75, 0xad75, 0xb576, 0xb596, 0xb595, 0xb595,
  0xb575, 0xb554, 0xad54, 0xb554, 0xb554, 0xb574, 0xbd95, 0xbdb6, 0xbdb6, 0xc5d6, 0xc5d6, 0xc5d6,
  0xc5d7, 0xc5f7, 0xc5d6, 0xbdb6, 0xc5d6, 0xcdf7, 0xce18, 0xce38, 0xce58, 0xce18, 0xc5f7, 0xc5d6,
  0xc5f7, 0xc5f7, 0xc5f6, 0xc5d6, 0xc5d7, 0xc5d7, 0xc5d7, 0xc5f8, 0xce38, 0xce39, 0xd659, 0xd659,
  0xd659, 0xd659, 0xce39, 0xce18, 0xce18, 0xce18, 0xce18, 0xce38, 0xce18, 0xce18, 0xce17, 0xce18,
  0xce17, 0xce18, 0xce17, 0xcdf7, 0xc5f7, 0xcdf7, 0xce18, 0xce38, 0xce38, 0xce38, 0xd658, 0xd679,
  0xd679, 0xde99, 0xde79, 0xd658, 0xce38, 0xcdf7, 0xcdf7, 0xc5d6, 0xc5d6, 0xc5d6, 0xc5b6, 0xc595,
  0xacf2, 0x7ae4, 0x6a60, 0x6a60, 0x6200, 0x4140, 0x4162, 0x9c50, 0xad13, 0xacf3, 0xacf3, 0xacf3,
  0xacf2, 0xa4d2, 0xa4d2, 0xa4d2, 0xa4b2, 0xa491, 0x9c70, 0x9430, 0x8c0f, 0x8c0f, 0x83ee, 0x83ee,
  0x83ce, 0x83ae, 0x7bae, 0x7bad, 0xe6fb, 0xc617, 0x4a0c, 0x0805, 0x0000, 0x0823, 0x1006, 0x0825,
  0x7bad, 0x946f, 0x736b, 0xa4f3, 0xb555, 0xad55, 0xad54, 0xad55, 0xad55, 0xad55, 0xad55, 0xad55,
  0xad55, 0xad75, 0xad76, 0xb596, 0xb596, 0xb595, 0xb595, 0xb575, 0xb575, 0xb554, 0xb554, 0xb554,
  0xb554, 0xb574, 0xbd95, 0xbdb6, 0xc5b6, 0xc5d6, 0xc5d6, 0xc5d6, 0xc5f7, 0xcdf7, 0xc5f7, 0xc5f7,
  0xce17, 0xce17, 0xce17, 0xce38, 0xce17, 0xc5f7, 0xc5d6, 0xc5d6, 0xc5d7, 0xc5f7, 0xc5d6, 0xc5d6,
  0xc5d7, 0xc5f7, 0xce18, 0xce38, 0xce39, 0xce59, 0xd659, 0xd659, 0xd659, 0xd659, 0xce39, 0xce18,
  0xce18, 0xce18, 0xce18, 0xce18, 0xcdf8, 0xc5f7, 0xc5d7, 0xc5f7, 0xcdf7, 0xce17, 0xce17, 0xce17,
  0xce17, 0xce17, 0xce18, 0xce18, 0xce18, 0xce18, 0xce38, 0xce58, 0xd679, 0xde99, 0xde9a, 0xde79,
  0xd638, 0xd638, 0xd638, 0xce17, 0xce17, 0xcdf7, 0xc5d6, 0xc5b6, 0x9c2d, 0x6a80, 0x7280, 0x6240,
  0x6200, 0x5180, 0x28a0, 0x62a9, 0xb514, 0xad13, 0xad14, 0xad13, 0xad13, 0xacf3, 0xacf3, 0xacf3,
  0xacf3, 0xa4d2, 0xa4b1, 0x9c71, 0x9450, 0x8c2f, 0x8c0f, 0x83ef, 0x83ce, 0x83ce, 0x7bae, 0x7bae,
  0xdeba, 0xce38, 0xad12, 0x2927, 0x0000, 0x0823, 0x39a9, 0x738d, 0xa511, 0xad32, 0x7bac, 0x8c10,
  0xbd95, 0xb575, 0xb575, 0xad55, 0xad55, 0xad75, 0xb575, 0xb575, 0xad75, 0xad75, 0xb576, 0xb596,
  0xb596, 0xb596, 0xb595, 0xb575, 0xb554, 0xb554, 0xb554, 0xb554, 0xb554, 0xb574, 0xbd95, 0xc5d6,
  0xc5d6, 0xc5d6, 0xc5d6, 0xc5d6, 0xc5f7, 0xce17, 0xce18, 0xce18, 0xce17, 0xce17, 0xce17, 0xce17,
  0xc5f7, 0xc5d6, 0xc5b6, 0xc5d6, 0xc5d6, 0xc5d6, 0xc5f7, 0xc5f7, 0xbdb6, 0xb534, 0xbd96, 0xce38,
  0xd659, 0xd67a, 0xd679, 0xd659, 0xd659, 0xd659, 0xce39, 0xce18, 0xce18, 0xce18, 0xce18, 0xc5f7,
  0xc5f7, 0xc5f7, 0xc5f6, 0xc5f7, 0xcdf7, 0xcdf7, 0xce17, 0xce17, 0xce17, 0xcdf7, 0xc5f7, 0xc5f7,
  0xcdf7, 0xcdf7, 0xce18, 0xce38, 0xd679, 0xde9a, 0xde99, 0xde79, 0xd679, 0xd658, 0xd658, 0xd658,
  0xd638, 0xce17, 0xcdf7, 0xc595, 0x8347, 0x6a80, 0x6a80, 0x6220, 0x6200, 0x51a0, 0x30e0, 0x3922,
  0x9c91, 0xb554, 0xad34, 0xb534, 0xb534, 0xad34, 0xad13, 0xad13, 0xad13, 0xa4f3, 0xa4d2, 0xa4b1,
  0x9c70, 0x9450, 0x8c0f, 0x8c0f, 0x83ef, 0x83ce, 0x83ae, 0x7bae, 0x9cb4, 0x4a0d, 0x62cd, 0x3989,
  0x0002, 0x0822, 0x4a2a, 0x7bad, 0xa4f1, 0xb573, 0x842d, 0x7b8d, 0xbd75, 0xb595, 0xb575, 0xb575,
  0xad75, 0xad55, 0xb575, 0xb595, 0xb596, 0xb576, 0xb576, 0xb595, 0xb596, 0xb596, 0xb595, 0xb575,
  0xb554, 0xb554, 0xb554, 0xb554, 0xb554, 0xbd95, 0xbdb6, 0xc5d6, 0xc5d6, 0xc5d6, 0xc5d6, 0xc5d6,
  0xc5f7, 0xce18, 0xce18, 0xce38, 0xce17, 0xce17, 0xce17, 0xce17, 0xc5f6, 0xc5d6, 0xc5f7, 0xc5f7,
  0xc5d7, 0xc5d6, 0xa4d2, 0x8bee, 0x8bcc, 0x838a, 0xa46c, 0xb4ef, 0xb531, 0xb512, 0xbd95, 0xd67a,
  0xdebb, 0xd679, 0xd639, 0xce38, 0xce18, 0xcdf7, 0xcdf7, 0xcdf7, 0xc5f7, 0xc5f7, 0xcdf7, 0xce17,
  0xce17, 0xce17, 0xce17, 0xce17, 0xcdf7, 0xc5d6, 0xc5d6, 0xc5f6, 0xcdf7, 0xcdf7, 0xce17, 0xce38,
  0xd679, 0xde9a, 0xde79, 0xd678, 0xde79, 0xde79, 0xde79, 0xde79, 0xd659, 0xd638, 0xd638, 0xb513,
  0x72a2, 0x7280, 0x6a80, 0x6240, 0x6200, 0x51a0, 0x4120, 0x28a0, 0x7b6c, 0xbd75, 0xb554, 0xb554,
  0xb534, 0xb534, 0xad34, 0xad13, 0xad13, 0xa4f3, 0xa4d2, 0xa4d2, 0xa491, 0x9c70, 0x9450, 0x8c2f,
  0x8bef, 0x83ee, 0x83ce, 0x7bae, 0x524d, 0x20cb, 0x1868, 0x1026, 0x0802, 0x0001, 0x0805, 0x0805,
  0x62ec, 0xad52, 0x738d, 0x736c, 0xb554, 0xbdb6, 0xbd96, 0xb595, 0xb575, 0xb575, 0xb595, 0xb595,
  0xb596, 0xb576, 0xb576, 0xb596, 0xb596, 0xb596, 0xbd96, 0xb575, 0xb574, 0xb554, 0xb554, 0xb574,
  0xb575, 0xbdb5, 0xc5d6, 0xc5f6, 0xc5d6, 0xc5d6, 0xc5d6, 0xc5f6, 0xc5f7, 0xce17, 0xce17, 0xce17,
  0xce17, 0xce17, 0xce17, 0xc5f6, 0xce17, 0xce38, 0xb554, 0x940e, 0x838b, 0x7b6a, 0x7b68, 0x9c4c,
  0xbd50, 0xcdf3, 0xcdf3, 0xc591, 0xb4ef, 0x940b, 0x8369, 0x93ec, 0xb533, 0xce18, 0xd679, 0xce18,
  0xcdf7, 0xcdf7, 0xcdf7, 0xcdf7, 0xcdf7, 0xce17, 0xce17, 0xce17, 0xce17, 0xce17, 0xce17, 0xce17,
  0xc5d6, 0xc5b5, 0xcdf6, 0xce17, 0xce17, 0xce17, 0xce17, 0xce38, 0xd659, 0xde79, 0xde79, 0xde79,
  0xde99, 0xde99, 0xdeb9, 0xde99, 0xde79, 0xd679, 0xde79, 0xa48f, 0x6a80, 0x72a1, 0x7280, 0x6a40,
  0x6200, 0x5180, 0x4120, 0x28a0, 0x4a06, 0xb555, 0xb575, 0xb554, 0xb554, 0xb534, 0xad34, 0xad34,
  0xad34, 0xad13, 0xacf3, 0xa4f2, 0xa4b2, 0x9c92, 0x9c91, 0x9471, 0x8c30, 0x8c0f, 0x83ce, 0x83ae,
  0x20c9, 0x292b, 0x20c9, 0x1846, 0x0823, 0x0000, 0x1045, 0x0806, 0x524a, 0x944f, 0x1886, 0x3147,
  0xacf2, 0xc5d6, 0xbdb6, 0xbdb5, 0xbdb5, 0xb595, 0xb595, 0xb595, 0xb596, 0xb595, 0xb595, 0xb596,
  0xb596, 0xbd96, 0xbd96, 0xbd95, 0xbd74, 0xb574, 0xbd74, 0xbd95, 0xbdb5, 0xc5d6, 0xc5f6, 0xc5f6,
  0xc5d6, 0xc5f6, 0xc5f6, 0xc5f7, 0xc5f7, 0xce17, 0xc5f7, 0xce17, 0xce17, 0xc5f7, 0xc5f6, 0xce17,
  0xbd95, 0x8bed, 0x7b28, 0x7b28, 0x8368, 0x93ea, 0xacae, 0xbd2f, 0xc591, 0xcdd2, 0xcdf3, 0xcdd2,
  0xbd71, 0x9c6d, 0x93eb, 0x8389, 0x7307, 0x8bab, 0xacf1, 0xc5f7, 0xce38, 0xce18, 0xce17, 0xce17,
  0xce17, 0xce17, 0xce17, 0xcdf7, 0xce17, 0xce17, 0xce17, 0xce17, 0xcdf6, 0xcdf6, 0xce17, 0xce37,
  0xce37, 0xce17, 0xce37, 0xd658, 0xde79, 0xde99, 0xde79, 0xde99, 0xde99, 0xde99, 0xdeba, 0xdeb9,
  0xde99, 0xde99, 0xde79, 0x940b, 0x6a80, 0x72a2, 0x7280, 0x6220, 0x59e0, 0x5180, 0x4120, 0x28a0,
  0x3102, 0xa4d3, 0xbd95, 0xb574, 0xb554, 0xb554, 0xb534, 0xb534, 0xb534, 0xad34, 0xad13, 0xa4f3,
  0xa4d2, 0xa4d2, 0x9cb2, 0x9c91, 0x9451, 0x8c10, 0x83ef, 0x83ce, 0x20a8, 0x290b, 0x28ea, 0x1847,
  0x0824, 0x0000, 0x0823, 0x1026, 0x3148, 0x41c9, 0x1026, 0x1025, 0x83ef, 0xce16, 0xc5d5, 0xc5d5,
  0xc5b5, 0xbdb5, 0xbdb5, 0xbd95, 0xb596, 0xb596, 0xb595, 0xb595, 0xbd95, 0xbd95, 0xbd95, 0xbd95,
  0xbd95, 0xbd95, 0xbdb5, 0xc5d5, 0xc5d6, 0xc5f6, 0xc5f6, 0xc5f6, 0xcdf7, 0xce17, 0xce37, 0xce37,
  0xce17, 0xc5f7, 0xc5f7, 0xc5f6, 0xce17, 0xc5f7, 0xce17, 0xbd74, 0x62a7, 0x5203, 0x8348, 0xa46c,
  0xa46c, 0x93ca, 0x8b89, 0x9c2b, 0xb50f, 0xcdb1, 0xcdb1, 0xbd4f, 0xb4ee, 0xacce, 0x940b, 0x838a,
  0x7b48, 0x6ac6, 0x6ac6, 0x83aa, 0xa4b1, 0xc5d7, 0xce38, 0xce17, 0xce17, 0xce17, 0xce17, 0xcdf7,
  0xce17, 0xce17, 0xce17, 0xce37, 0xce17, 0xce17, 0xce37, 0xd637, 0xd638, 0xce37, 0xce37, 0xd638,
  0xd679, 0xde99, 0xde99, 0xde99, 0xde99, 0xde99, 0xdeba, 0xde99, 0xde99, 0xde99, 0xce38, 0x8367,
  0x72a2, 0x7ae5, 0x72c3, 0x940b, 0x6a61, 0x5180, 0x4120, 0x30c0, 0x20a0, 0x8c30, 0xbdb6, 0xbd75,
  0xb575, 0xb554, 0xb554, 0xb554, 0xb554, 0xb534, 0xad14, 0xad13, 0xa4f3, 0xa4d2, 0x9cd2, 0x9c92,
  0x9451, 0x8c0f, 0x83ef, 0x83ef, 0x20a8, 0x290b, 0x290b, 0x1867, 0x0824, 0x0000, 0x0002, 0x1046,
  0x1046, 0x1026, 0x1846, 0x0805, 0x5aab, 0xc5d5, 0xc5d5, 0xc5d5, 0xc5b5, 0xbdb5, 0xbdb5, 0xbd95,
  0xbd96, 0xb596, 0xb595, 0xb595, 0xb595, 0xb574, 0xbd94, 0xbd95, 0xbdb5, 0xc5d5, 0xc5d6, 0xc5f6,
  0xc5f7, 0xce17, 0xce17, 0xce17, 0xce37, 0xce38, 0xce38, 0xce58, 0xce38, 0xce17, 0xce17, 0xce17,
  0xce17, 0xce17, 0xc5d6, 0x7b6b, 0x2080, 0x51e3, 0x72e6, 0x7b06, 0x7b47, 0x940b, 0x9c2b, 0xacad,
  0xbd2f, 0xcdf2, 0xcdf3, 0xcdd1, 0xc570, 0xacce, 0xa44c, 0x9c0b, 0x8368, 0x7306, 0x7307, 0x6ac5,
  0x72e6, 0x9c6e, 0xce17, 0xd658, 0xce17, 0xce17, 0xce17, 0xce17, 0xcdf7, 0xce17, 0xce37, 0xce37,
  0xce38, 0xce37, 0xce37, 0xce37, 0xce37, 0xce37, 0xce37, 0xce17, 0xce37, 0xd658, 0xd678, 0xd679,
  0xde99, 0xde99, 0xde99, 0xde99, 0xd679, 0xd679, 0xc5f6, 0x72e4, 0xa46c, 0xdeda, 0x93ca, 0xeefb,
  0x7b46, 0x5180, 0x4120, 0x38e0, 0x2060, 0x7b8d, 0xc5d6, 0xbd95, 0xb575, 0xb554, 0xb555, 0xb575,
  0xb554, 0xb534, 0xad34, 0xad34, 0xad14, 0xa4f3, 0xa4f3, 0x9cb2, 0x9471, 0x8c30, 0x83ef, 0x83ef,
  0x20a9, 0x28ea, 0x292b, 0x1888, 0x1025, 0x0001, 0x0001, 0x1046, 0x1846, 0x1846, 0x1846, 0x1005,
  0x3968, 0xbd74, 0xc5d6, 0xc5b5, 0xc5b5, 0xbdb5, 0xbdb5, 0xbdb5, 0xbd95, 0xb595, 0xb595, 0xb574,
  0xb574, 0xb574, 0xbd94, 0xbd94, 0xbdb5, 0xc5d6, 0xc5f6, 0xc5f6, 0xce17, 0xce17, 0xce17, 0xce17,
  0xce37, 0xce38, 0xce38, 0xce58, 0xce38, 0xce37, 0xce17, 0xce17, 0xc5d6, 0xad12, 0x940e, 0x41c4,
  0x1000, 0x2080, 0x72c6, 0x93ea, 0x940a, 0xacce, 0xbd2f, 0xbd2f, 0xc570, 0xb50f, 0xa4ad, 0xb4ee,
  0x93ea, 0x8389, 0x8b88, 0x8369, 0x93ea, 0x9409, 0x8388, 0x7b47, 0x7306, 0x8388, 0x8bcb, 0xb554,
  0xd658, 0xce38, 0xce38, 0xce17, 0xce17, 0xce17, 0xce37, 0xd658, 0xd658, 0xd637, 0xd638, 0xce37,
  0xce37, 0xce17, 0xce17, 0xce17, 0xce17, 0xce17, 0xd658, 0xd658, 0xd679, 0xde99, 0xde99, 0xde99,
  0xd679, 0xd658, 0xbdb5, 0x72c3, 0xa46d, 0xe6db, 0x93eb, 0xef1b, 0x8367, 0x51c0, 0x4120, 0x38e0,
  0x1860, 0x6b0b, 0xc5d7, 0xbd95, 0xb575, 0xb555, 0xb555, 0xb554, 0xb554, 0xb554, 0xb554, 0xb554,
  0xad34, 0xad14, 0xa4f3, 0x9cd3, 0x9492, 0x8c30, 0x840f, 0x83ef, 0x20a9, 0x290b, 0x292c, 0x20a9,
  0x1025, 0x0001, 0x0000, 0x1025, 0x1847, 0x1846, 0x1846, 0x1026, 0x18a6, 0x9c91, 0xcdf6, 0xc5b5,
  0xc5b5, 0xc5b5, 0xbdb5, 0xbd95, 0xbd95, 0xb575, 0xb574, 0xb574, 0xb574, 0xb574, 0xb574, 0xbd94,
  0xbdb5, 0xc5b5, 0xc5d6, 0xc5f6, 0xc5f6, 0xc617, 0xce17, 0xce17, 0xce17, 0xce17, 0xce37, 0xce38,
  0xce37, 0xce17, 0xc5f6, 0xad12, 0x9c8f, 0x944e, 0x9c6e, 0x5225, 0x1860, 0x3101, 0x6265, 0x7b07,
  0x9c2b, 0xa46d, 0xa46c, 0xacce, 0xc570, 0xc590, 0xb50f, 0x93c9, 0x7307, 0x6aa6, 0x6ac5, 0x8388,
  0x8347, 0x8ba8, 0x72e5, 0x5224, 0x8ba9, 0x7b48, 0x72e6, 0x7329, 0xc5f7, 0xd658, 0xce38, 0xce38,
  0xce38, 0xce17, 0xce38, 0xd638, 0xd658, 0xd658, 0xd658, 0xd638, 0xce38, 0xce17, 0xce17, 0xcdf6,
  0xcdf6, 0xce17, 0xce37, 0xce37, 0xd658, 0xd679, 0xde99, 0xd679, 0xd679, 0xce38, 0xb554, 0x72e4,
  0x7ae6, 0x832a, 0x8347, 0xc574, 0x7306, 0x5a01, 0x4120, 0x4120, 0x2080, 0x62ca, 0xd659, 0xc5f7,
  0xad54, 0xb575, 0xad54, 0xad34, 0xad34, 0xb555, 0xb575, 0xb575, 0xb555, 0xad14, 0xa4f3, 0x9cd3,
  0x9492, 0x8c31, 0x8c10, 0x83ef, 0x20a9, 0x20ca, 0x292c, 0x20ca, 0x1046, 0x0002, 0x0000, 0x0804,
  0x1846, 0x1046, 0x1046, 0x1846, 0x1025, 0x736d, 0xcdf6, 0xc5b5, 0xc5b5, 0xbdb5, 0xbd95, 0xbd94,
  0xbd74, 0xb554, 0xb554, 0xb554, 0xb553, 0xb554, 0xb574, 0xbd74, 0xbd94, 0xbd94, 0xc5b5, 0xc5d6,
  0xc5d6, 0xc5d6, 0xc5f6, 0xc5d6, 0xc5f6, 0xc5f6, 0xce17, 0xce17, 0xce17, 0xc5d6, 0x9c8f, 0x838a,
  0x8bec, 0xa4d0, 0x9c6f, 0x5a45, 0x3121, 0x7307, 0xa46d, 0x8389, 0x8347, 0x8ba9, 0x9c2b, 0xa46c,
  0xacce, 0xb4ee, 0xac8d, 0xac8d, 0xb50e, 0xa48c, 0x8bca, 0x940b, 0x8bea, 0x72e6, 0x6ac5, 0x5223,
  0x72e6, 0x8bc9, 0x6ac5, 0x5202, 0x8c0d, 0xde9a, 0xce58, 0xce58, 0xce38, 0xce37, 0xce38, 0xce38,
  0xd638, 0xd658, 0xd658, 0xd658, 0xd638, 0xce17, 0xc5f6, 0xc5f6, 0xce16, 0xce17, 0xce17, 0xce17,
  0xce37, 0xd658, 0xd678, 0xd658, 0xe6db, 0xce59, 0xad12, 0x7ae4, 0x72c3, 0x8307, 0x72c4, 0x8348,
  0x6a83, 0x5a02, 0x4120, 0x4960, 0x2080, 0x62ca, 0xe6fc, 0xc638, 0xa513, 0xb575, 0xb555, 0xad34,
  0xad34, 0xad55, 0xb575, 0xb575, 0xad34, 0xa4f3, 0xa4d3, 0x9cb3, 0x9c92, 0x9451, 0x8c30, 0x83f0,
  0x20c9, 0x526d, 0x4a2e, 0x20ca, 0x1846, 0x0802, 0x0000, 0x1885, 0x1866, 0x1846, 0x1046, 0x1847,
  0x1005, 0x4a2a, 0xbdb5, 0xc5b5, 0xbdb5, 0xbd95, 0xbd94, 0xbd94, 0xb574, 0xb553, 0xb553, 0xb553,
  0xb553, 0xb553, 0xb554, 0xb574, 0xbd74, 0xbd94, 0xbdb5, 0xc5d5, 0xc5d5, 0xc5d5, 0xc5d5, 0xc5d6,
  0xc5d6, 0xc5d6, 0xc5d6, 0xc5f6, 0xbd95, 0x942e, 0x7308, 0x7329, 0x7b6a, 0x838b, 0x942e, 0x7308,
  0x6ac6, 0x8389, 0x93ea, 0xacce, 0xacae, 0xa46c, 0xacce, 0xacae, 0x9c4c, 0x9c2b, 0x8ba9, 0x8347,
  0x93c9, 0x9c2b, 0xa46c, 0xacee, 0x9c6c, 0x7b68, 0x6243, 0x6aa4, 0x6ae6, 0x7b47, 0x6264, 0x5a43,
  0x5224, 0xbdb6, 0xde9a, 0xd658, 0xce38, 0xce37, 0xce38, 0xce38, 0xce38, 0xd658, 0xd658, 0xd678,
  0xd678, 0xce37, 0xc5d6, 0xc5f6, 0xce17, 0xce17, 0xce16, 0xce16, 0xce17, 0xce37, 0xce38, 0xd658,
  0xe71c, 0xd69a, 0x9c90, 0x72e4, 0x72a3, 0x7ac5, 0x72a2, 0x7283, 0x6a82, 0x5a22, 0x4940, 0x49a0,
  0x28a0, 0x6b2b, 0xef3d, 0xce38, 0xa4d3, 0xb575, 0xb575, 0xb575, 0xb575, 0xad55, 0xad55, 0xad55,
  0xad34, 0xa4f3, 0xa4f3, 0x9cd3, 0x9cb2, 0x9472, 0x8c51, 0x8c30, 0x9cf4, 0xad33, 0x49ed, 0x20cb,
  0x1867, 0x0823, 0x0000, 0x41c8, 0x4a0a, 0x0806, 0x20a7, 0x3989, 0x1847, 0x2927, 0xad12, 0xc5d5,
  0xbdb5, 0xbdb5, 0xbd95, 0xbd74, 0xb553, 0xb533, 0xb533, 0xb533, 0xb533, 0xb553, 0xb554, 0xb554,
  0xbd74, 0xbd74, 0xbdb5, 0xbdb5, 0xbdb5, 0xbdb5, 0xc5b5, 0xbdb5, 0xc5b5, 0xc5d6, 0xc5d6, 0xbd95,
  0x8bcc, 0x7307, 0x6ac7, 0x6aa6, 0x6285, 0x838a, 0xaccf, 0xa48e, 0xa46d, 0x8baa, 0x7b48, 0x8b89,
  0x8ba9, 0x8ba9, 0x9c2b, 0xb4ee, 0xacee, 0xb50f, 0xb4ee, 0xa48d, 0x9c4c, 0x93ea, 0x93ea, 0x93ea,
  0x940b, 0x8bca, 0x5a43, 0x5202, 0x51e1, 0x49c2, 0x7327, 0x5a43, 0x41a1, 0x8bed, 0xe6db, 0xd679,
  0xd679, 0xd658, 0xce38, 0xce37, 0xce37, 0xce38, 0xd658, 0xd658, 0xd678, 0xce37, 0xc5f6, 0xcdf6,
  0xcdf6, 0xcdf6, 0xcdf6, 0xcdf6, 0xce17, 0xce17, 0xce37, 0xd679, 0xe71c, 0xdeba, 0x9cb1, 0x72c4,
  0x7ac3, 0x8b69, 0x72a2, 0x7ae5, 0x6a61, 0x59e1, 0x4960, 0x51c0, 0x30e0, 0x8c30, 0xef3d, 0xce59,
  0x9cd2, 0xad55, 0xb596, 0xb576, 0xb596, 0xb575, 0xad55, 0xad35, 0xad34, 0xa514, 0xa4f4, 0x9cd3,
  0x9cb2, 0x9492, 0x9472, 0x9471, 0xe6fa, 0x736f, 0x28cc, 0x290b, 0x1867, 0x0824, 0x0000, 0x39a7,
  0x944f, 0x526a, 0x83ee, 0x6b0c, 0x1847, 0x1045, 0x8c0f, 0xc5d5, 0xbd95, 0xbdb5, 0xbd94, 0xbd74,
  0xb553, 0xb533, 0xb533, 0xb533, 0xb553, 0xb554, 0xb554, 0xb554, 0xbd74, 0xbd94, 0xbd94, 0xbd95,
  0xbdb5, 0xbd95, 0xbdb5, 0xbdb5, 0xbdb5, 0xc5b5, 0xc5b5, 0x8bcc, 0x7b49, 0x7b28, 0x6264, 0x5203,
  0x6ac6, 0x838a, 0x93cb, 0x8baa, 0x8b89, 0x6aa5, 0x6243, 0x8348, 0x8348, 0x8368, 0x8b89, 0x93c9,
  0xac8d, 0xacad, 0xacad, 0xacad, 0xa48d, 0xa48d, 0x9c4c, 0x8ba9, 0x7b26, 0x72e6, 0x5203, 0x28e0,
  0x28a0, 0x3122, 0x7b48, 0x5203, 0x3100, 0x5204, 0xce17, 0xde9a, 0xd679, 0xd679, 0xd658, 0xd658,
  0xd638, 0xd637, 0xd638, 0xd658, 0xd658, 0xce37, 0xcdf6, 0xc5d6, 0xc5d6, 0xc5d6, 0xc5d6, 0xcdf6,
  0xce16, 0xce17, 0xce17, 0xde9a, 0xe71d, 0xdedb, 0xad33, 0x72c4, 0x8327, 0xb4b2, 0x7b05, 0xa44e,
  0x72c3, 0x59e0, 0x4980, 0x51c0, 0x49c2, 0xc5f8, 0xef3d, 0xd679, 0x9cd2, 0xa4f3, 0xbdb7, 0xb596,
  0xb596, 0xb596, 0xb575, 0xad55, 0xad34, 0xa514, 0xa4f4, 0x9cd3, 0x9cb3, 0x94b3, 0x9492, 0x9472,
  0xdeb9, 0x736f, 0x28ec, 0x290b, 0x1888, 0x1025, 0x0001, 0x4a28, 0xad32, 0xb593, 0x9cb0, 0x3128,
  0x1047, 0x1005, 0x62cb, 0xbd94, 0xbd94, 0xbd95, 0xbd94, 0xbd74, 0xb574, 0xb553, 0xb553, 0xb533,
  0xb553, 0xb554, 0xb574, 0xbd74, 0xbd94, 0xbd94, 0xbd94, 0xbd95, 0xbd94, 0xbd94, 0xbd95, 0xbd95,
  0xbd95, 0xc5d6, 0xa4d1, 0x7307, 0x83aa, 0x6ac6, 0x5a64, 0x6264, 0x72e7, 0x8baa, 0x8baa, 0x8389,
  0x8b69, 0x8327, 0x72a4, 0x5a02, 0x7b06, 0x7b27, 0x8b88, 0x8ba9, 0x9c2b, 0xaccd, 0xacce, 0x9c4b,
  0xa46c, 0xbd70, 0xd634, 0xb550, 0x7b48, 0x5a63, 0x49e2, 0x3100, 0x20c0, 0x4181, 0x6ac6, 0x5a43,
  0x3121, 0x3100, 0xad12, 0xdeba, 0xd679, 0xde99, 0xde99, 0xde79, 0xde78, 0xde78, 0xd658, 0xd658,
  0xd658, 0xd638, 0xce16, 0xcdf6, 0xc5f6, 0xc5d6, 0xc5d6, 0xc5d6, 0xcdf6, 0xce16, 0xce17, 0xe6db,
  0xf77e, 0xe6fb, 0xb574, 0x72e4, 0x72a3, 0x8307, 0x72a3, 0x7b06, 0x6a83, 0x6222, 0x4980, 0x51c0,
  0x7308, 0xe6fc, 0xef5d, 0xd69a, 0xa4f3, 0x9491, 0xbdb6, 0xb596, 0xb596, 0xb596, 0xb575, 0xad55,
  0xad35, 0xa534, 0xa514, 0xa4f4, 0x9cf3, 0x9cd3, 0x94b3, 0x9492, 0xd678, 0xc5d5, 0x6aef, 0x290c,
  0x20a9, 0x1025, 0x1062, 0x6b2a, 0x9cd0, 0xbdb4, 0x9490, 0x28e7, 0x1026, 0x1005, 0x3987, 0xad33,
  0xbd74, 0xbd94, 0xbd94, 0xbd74, 0xb574, 0xb574, 0xb553, 0xb553, 0xb553, 0xb554, 0xb574, 0xbd74,
  0xbd94, 0xbd94, 0xbd94, 0xbd94, 0xbd74, 0xbd74, 0xbd74, 0xbd94, 0xbd94, 0xc5d6, 0x8bcc, 0x6ae7,
  0x838a, 0x7307, 0x6aa5, 0x6ac6, 0x7b27, 0x8369, 0x8369, 0x9c2c, 0xac8d, 0x9c2c, 0x93ca, 0x72c5,
  0x72e6, 0x7b06, 0x8327, 0x9c2b, 0xa46d, 0xa46c, 0xacce, 0xacce, 0xa48c, 0xa4ad, 0xacce, 0xb50f,
  0x9c6c, 0x5a44, 0x3920, 0x3940, 0x3120, 0x4181, 0x5202, 0x5a23, 0x41a2, 0x3940, 0xacf1, 0xdeba,
  0xd679, 0xde99, 0xde99, 0xde99, 0xde99, 0xde99, 0xde78, 0xd658, 0xd658, 0xd638, 0xce37, 0xce17,
  0xcdf6, 0xcdf6, 0xc5d6, 0xc5d6, 0xcdf6, 0xcdf6, 0xce17, 0xe71c, 0xf77e, 0xe6fb, 0xb574, 0x72e5,
  0x72a2, 0x7ae6, 0x7282, 0x6a62, 0x6a62, 0x6222, 0x51a0, 0x51c0, 0x83ac, 0xef3d, 0xef3d, 0xd67a,
  0x9cd2, 0x8c50, 0xbdb7, 0xb5b6, 0xb596, 0xb596, 0xb576, 0xad55, 0xad35, 0xa534, 0xa514, 0xa514,
  0xa4f4, 0x9cd3, 0x9cd3, 0x94b3, 0x522d, 0x62ce, 0x6aee, 0x312c, 0x2089, 0x1046, 0x0001, 0x2104,
  0x8c2e, 0xad52, 0xad52, 0x83cd, 0x20c7, 0x1006, 0x20a5, 0x9470, 0xbd94, 0xbd74, 0xbd94, 0xbd94,
  0xbd74, 0xb574, 0xb553, 0xb533, 0xb533, 0xb533, 0xb554, 0xbd74, 0xbd94, 0xbd94, 0xbd74, 0xbd74,
  0xbd74, 0xbd74, 0xbd74, 0xbd94, 0xbd94, 0xc5d6, 0x7b6a, 0x6aa6, 0x7307, 0x8bca, 0x8baa, 0x8368,
  0x7b27, 0x6244, 0x6a85, 0x9bca, 0x93a9, 0x8b89, 0x9389, 0x8369, 0x8328, 0x8b69, 0x8b48, 0x93ca,
  0xa44c, 0xa46d, 0x9c0b, 0xa46d, 0xa48c, 0x940b, 0x8beb, 0x8baa, 0x8ba9, 0x6ac5, 0x3940, 0x41a2,
  0x6286, 0x7307, 0x49c1, 0x49e2, 0x49e3, 0x49c2, 0x7b6a, 0xdeba, 0xd679, 0xde99, 0xde99, 0xde79,
  0xd678, 0xd658, 0xd658, 0xd638, 0xd638, 0xd637, 0xd637, 0xce37, 0xce16, 0xcdf6, 0xc5f6, 0xcdf6,
  0xcdf6, 0xce17, 0xce17, 0xe6fc, 0xef5d, 0xe6fb, 0xbdb5, 0x7b25, 0x72a3, 0x7b07, 0x72a4, 0x72a3,
  0x6a62, 0x6222, 0x51a0, 0x51c0, 0x8bcc, 0xe73d, 0xe71c, 0xce59, 0xa4f3, 0x8c71, 0xbdb7, 0xbdb7,
  0xb596, 0xb596, 0xb596, 0xad75, 0xad55, 0xa535, 0xa514, 0xa514, 0x9cf4, 0x9cf3, 0x9cf3, 0x9cd3,
  0x20cb, 0x20ca, 0x28eb, 0x290b, 0x20a9, 0x1867, 0x0002, 0x0001, 0x734c, 0x6b0c, 0x3989, 0x62ab,
  0x3148, 0x1026, 0x1024, 0x7b8e, 0xbdb5, 0xbd94, 0xbdb5, 0xbdb5, 0xbd94, 0xb553, 0xb553, 0xb533,
  0xad33, 0xad33, 0xb554, 0xbd95, 0xbd95, 0xbd95, 0xbd94, 0xbd74, 0xbd74, 0xbd74, 0xbd74, 0xbd94,
  0xbd94, 0xc5d6, 0x7b6a, 0x51e1, 0x6aa5, 0x8baa, 0x940b, 0xa44c, 0x6aa4, 0x3920, 0x7ae7, 0xac2c,
  0x8b48, 0x82e6, 0x8b27, 0x9389, 0x8307, 0x8307, 0x8327, 0x93aa, 0x93aa, 0x8b68, 0x8b68, 0x8327,
  0x93ea, 0x8bca, 0x8369, 0x72e6, 0x5a02, 0x5a22, 0x3920, 0x3941, 0x49c3, 0x41a2, 0x51e2, 0x5a43,
  0x62c6, 0x4a03, 0x5224, 0xd658, 0xd679, 0xd679, 0xd679, 0xd679, 0xd658, 0xd638, 0xd658, 0xd658,
  0xce37, 0xce17, 0xce17, 0xce17, 0xc5f6, 0xc5d6, 0xc5d6, 0xcdf7, 0xce17, 0xce17, 0xce17, 0xe6fc,
  0xef5d, 0xe6fb, 0xa4f3, 0x6284, 0x72a3, 0x7b08, 0x72a3, 0x6aa3, 0x6a83, 0x6222, 0x51a0, 0x51c0,
  0x8bcc, 0xef3e, 0xe71c, 0xce59, 0xad54, 0xa514, 0xbdb7, 0xbdd7, 0xb5b6, 0xb596, 0xb596, 0xb576,
  0xad55, 0xad55, 0xa534, 0xa514, 0xa514, 0xa514, 0xa514, 0xa4f4, 0x290b, 0x290b, 0x290b, 0x290b,
  0x20a9, 0x1867, 0x0802, 0x0000, 0x4a29, 0x3148, 0x0805, 0x1006, 0x1026, 0x1846, 0x0804, 0x5a8a,
  0xbd94, 0xbd74, 0xbdb5, 0xbdb5, 0xbd74, 0xb553, 0xb533, 0xb533, 0xb533, 0xad33, 0xb554, 0xbd94,
  0xbd95, 0xbd95, 0xbd95, 0xbd95, 0xbd94, 0xbd74, 0xbd74, 0xbd95, 0xbd95, 0xc5d6, 0x8bec, 0x5a02,
  0x6aa4, 0x72e6, 0x93eb, 0x9c0b, 0x51c2, 0x4161, 0x8328, 0xc550, 0xbcef, 0x9ba9, 0x8b07, 0x9389,
  0x9baa, 0x9369, 0x9368, 0x8b48, 0x8b48, 0x8b48, 0x82e6, 0x6202, 0x6a64, 0x72c6, 0x6264, 0x51e2,
  0x3941, 0x49c2, 0x3100, 0x49a2, 0x3961, 0x41a2, 0x5223, 0x5a23, 0x5a44, 0x3961, 0x41a3, 0xc5d6,
  0xd679, 0xd658, 0xd658, 0xce38, 0xce17, 0xce37, 0xd638, 0xd638, 0xce38, 0xce17, 0xcdf7, 0xc5d6,
  0xc5b5, 0xbdb5, 0xc5b6, 0xc5f6, 0xcdf7, 0xcdf7, 0xce17, 0xe6dc, 0xf77e, 0xb596, 0x18e3, 0x0840,
  0x51c3, 0x72a5, 0x59c0, 0x5a02, 0x6222, 0x5a01, 0x5180, 0x51c0, 0x8bcc, 0xef3d, 0xe71c, 0xce59,
  0xad34, 0x9cd3, 0xb5b7, 0xbdd7, 0xbdb7, 0xbdb6, 0xb5b6, 0xb596, 0xad55, 0xad55, 0xa535, 0xa535,
  0xa535, 0xa514, 0xa514, 0xa4f4, 0x290b, 0x20ea, 0x28ea, 0x28ea, 0x20a9, 0x1868, 0x0823, 0x0000,
  0x1064, 0x1044, 0x1026, 0x1046, 0x1026, 0x1847, 0x1005, 0x3988, 0xad33, 0xbd95, 0xbdb5, 0xbdb5,
  0xbd74, 0xb553, 0xad33, 0xad33, 0xb533, 0xb554, 0xb574, 0xbd95, 0xbd95, 0xbdb5, 0xbdb5, 0xbd95,
  0xbd95, 0xbd95, 0xbd95, 0xbd95, 0xbd75, 0xc5b6, 0xa4af, 0x6ac5, 0x6242, 0x72e6, 0x8388, 0x72c5,
  0x4981, 0x4181, 0x8baa, 0xd5b2, 0xe635, 0xe614, 0xcd31, 0xc530, 0xc510, 0xddb3, 0xcd71, 0xc50f,
  0xbccf, 0xbccf, 0xac4c, 0x8b27, 0x7aa5, 0x6a63, 0x5180, 0x38e0, 0x2080, 0x3921, 0x3100, 0x4182,
  0x49e3, 0x49e3, 0x49c2, 0x49e2, 0x5223, 0x3121, 0x28e0, 0xa4f1, 0xde9a, 0xd658, 0xd658, 0xce17,
  0xcdf7, 0xce17, 0xce38, 0xd638, 0xd638, 0xce17, 0xcdf6, 0xc5b6, 0xbd95, 0xbd95, 0xbd95, 0xc5d6,
  0xcdf6, 0xce17, 0xce17, 0xe6fc, 0xef5d, 0x73ae, 0x0840, 0x0000, 0x1060, 0x3920, 0x4960, 0x51c1,
  0x51c0, 0x51e1, 0x4980, 0x51c0, 0x8bcc, 0xe73d, 0xe71c, 0xce39, 0xa4f3, 0x9471, 0xbdb7, 0xbdd7,
  0xbdd7, 0xbdb7, 0xbdb7, 0xb596, 0xad75, 0xad55, 0xad55, 0xad35, 0xa535, 0xa534, 0xa514, 0x9cf4,
  0x292b, 0x20ea, 0x20c9, 0x20ea, 0x20ca, 0x1888, 0x0824, 0x0000, 0x0002, 0x0803, 0x1026, 0x1026,
  0x1826, 0x1847, 0x1026, 0x28c6, 0x9cb1, 0xbdb5, 0xbd95, 0xbd94, 0xb574, 0xb553, 0xad33, 0xad33,
  0xb533, 0xb554, 0xb574, 0xbd95, 0xbdb5, 0xbdb5, 0xbdb5, 0xbdb5, 0xbdb5, 0xbdb5, 0xbd95, 0xbd95,
  0xbd75, 0xbd95, 0xacf0, 0x6ac5, 0x6ac5, 0x72c4, 0x72e5, 0x5a23, 0x3941, 0x3921, 0xa44c, 0xddd3,
  0xe615, 0xddd4, 0xe615, 0xee98, 0xee97, 0xf6f9, 0xff1a, 0xee97, 0xee97, 0xf6d8, 0xee77, 0xddf4,
  0xd572, 0xc510, 0x9bcb, 0x6245, 0x3901, 0x2060, 0x2080, 0x2080, 0x30e0, 0x3100, 0x49a2, 0x49a1,
  0x49e2, 0x49e3, 0x2900, 0x942f, 0xdeba, 0xd658, 0xd638, 0xce17, 0xcdf7, 0xce17, 0xce38, 0xce38,
  0xce37, 0xcdf6, 0xc5d6, 0xc5d6, 0xbdb5, 0xbd95, 0xbd95, 0xbdb5, 0xc5d6, 0xcdf7, 0xce17, 0xe6fc,
  0xdefc, 0xa515, 0xa4f4, 0x73ae, 0x2944, 0x1020, 0x4120, 0x51c0, 0x51c0, 0x51c0, 0x4960, 0x4980,
  0x83ac, 0xe73d, 0xe6fc, 0xce39, 0xa4f3, 0x9491, 0xbdd7, 0xbdf7, 0xbdd7, 0xbdd7, 0xbdd7, 0xb596,
  0xb576, 0xad55, 0xad55, 0xad55, 0xa535, 0xa514, 0xa4f4, 0x9cd3, 0x312c, 0x28ea, 0x20a9, 0x20c9,
  0x20c9, 0x2088, 0x1024, 0x0000, 0x0002, 0x0803, 0x1025, 0x1026, 0x1826, 0x1847, 0x1006, 0x3988,
  0xa4d2, 0xbd95, 0xbd74, 0xb574, 0xb554, 0xb554, 0xb554, 0xb554, 0xad33, 0xb554, 0xb574, 0xbdb5,
  0xbdb5, 0xbdb6, 0xbdb6, 0xbdb5, 0xbdb5, 0xbdb5, 0xbdb5, 0xbd95, 0xbd95, 0xc5b6, 0x9c4e, 0x5202,
  0x6263, 0x6aa4, 0x6a84, 0x49a1, 0x4140, 0x49a2, 0xb4ae, 0xc530, 0xc510, 0xcd93, 0xd5d4, 0xcd73,
  0xd593, 0xee98, 0xf6fa, 0xf6f9, 0xf6d9, 0xf6f9, 0xf6b8, 0xee77, 0xe615, 0xd5d4, 0xcd72, 0xac6e,
  0x7b08, 0x5a04, 0x49a2, 0x2060, 0x1860, 0x3961, 0x4161, 0x4161, 0x49e2, 0x5a43, 0x49e3, 0x946f,
  0xdeba, 0xd638, 0xd637, 0xce17, 0xcdf7, 0xce17, 0xce37, 0xce37, 0xce17, 0xcdf6, 0xc5d6, 0xcdd6,
  0xc5d6, 0xc5d6, 0xc5b6, 0xc5b5, 0xc5d6, 0xc5d6, 0xcdf7, 0xdedb, 0xdedc, 0xb576, 0xd69b, 0xdebb,
  0x6b4c, 0x0840, 0x30c0, 0x5180, 0x51a0, 0x4980, 0x4960, 0x4140, 0x7b6c, 0xef3e, 0xe71c, 0xce39,
  0xa4f3, 0x9cb2, 0xc5f7, 0xc5f8, 0xbdd7, 0xbdd7, 0xbdb7, 0xb596, 0xb576, 0xad76, 0xad75, 0xad55,
  0xa534, 0xa514, 0x9cf4, 0x9cf3, 0x312d, 0x28ea, 0x2088, 0x20ca, 0x20c9, 0x2088, 0x1045, 0x0001,
  0x0001, 0x0803, 0x1024, 0x1846, 0x1826, 0x1005, 0x41a9, 0x9450, 0xad13, 0xb554, 0xb574, 0xb554,
  0xb554, 0xb554, 0xb574, 0xb554, 0xb554, 0xb574, 0xbd95, 0xbdb5, 0xbdb5, 0xbdb6, 0xbdb6, 0xbdb6,
  0xbdb6, 0xbdb5, 0xbdb6, 0xbdb6, 0xbd95, 0xc5d6, 0x9c6f, 0x49c1, 0x4160, 0x49a1, 0x51c1, 0x5a23,
  0x49a2, 0x6244, 0xbcef, 0xcd72, 0xee77, 0xeeb8, 0xe677, 0xddf5, 0xcd72, 0xd592, 0xe615, 0xf6b8,
  0xf6b8, 0xee76, 0xe656, 0xd593, 0xc510, 0xcd72, 0xcd92, 0xbd11, 0x8b8a, 0x72a6, 0x72c6, 0x28c0,
  0x0000, 0x1860, 0x3941, 0x3940, 0x3961, 0x3961, 0x3941, 0xb574, 0xde99, 0xce17, 0xce17, 0xcdf6,
  0xcdf7, 0xcdf7, 0xcdf7, 0xcdf7, 0xce17, 0xcdf6, 0xcdf6, 0xcdf6, 0xcdf6, 0xc5f6, 0xc5d6, 0xc5d6,
  0xc5d6, 0xc5d6, 0xc5d6, 0xde9a, 0xdedc, 0xce7a, 0xce7a, 0xbdf7, 0x630b, 0x0840, 0x2060, 0x4960,
  0x4980, 0x4980, 0x4140, 0x3900, 0x732a, 0xef3d, 0xe71c, 0xce39, 0x9cd2, 0x9cb1, 0xc618, 0xc618,
  0xc5d7, 0xbdd7, 0xbdb7, 0xbdb6, 0xb596, 0xb596, 0xb576, 0xad55, 0xa535, 0xa514, 0xa4f4, 0x9cf3,
  0x312d, 0x28ea, 0x2088, 0x20a9, 0x20ca, 0x2088, 0x1846, 0x0002, 0x0001, 0x0002, 0x0824, 0x1847,
  0x1005, 0x41c9, 0xa4b2, 0xad34, 0xa4f3, 0xad33, 0xb554, 0xb554, 0xb574, 0xb574, 0xb574, 0xbd74,
  0xbd75, 0xbd95, 0xbd95, 0xbdb5, 0xbdb5, 0xbdb5, 0xc5b6, 0xbdb6, 0xbdb5, 0xbdb6, 0xbdb6, 0xbdb6,
  0xbd96, 0xc5d6, 0xad12, 0x4161, 0x30e0, 0x30e0, 0x4161, 0x51e3, 0x4182, 0x7b08, 0xc530, 0xcd72,
  0xa40c, 0x7b09, 0x5a46, 0x6a87, 0xac2d, 0xc4f0, 0xd5b3, 0xee97, 0xf6b8, 0xde14, 0xc530, 0xac4d,
  0xa42d, 0xac6e, 0xac8f, 0xc532, 0xbd31, 0x8329, 0x72e7, 0x3922, 0x1000, 0x1860, 0x41a1, 0x3960,
  0x3961, 0x3120, 0x49e4, 0xcdf7, 0xcdf7, 0xc5d6, 0xc5b6, 0xc5d6, 0xc5d6, 0xc5d6, 0xc5d6, 0xcdf6,
  0xcdf6, 0xcdf7, 0xcdf6, 0xcdf6, 0xcdf6, 0xcdf6, 0xcdf6, 0xc5f6, 0xc5d6, 0xc5d6, 0xbdb5, 0xde9a,
  0xef7e, 0xf77e, 0xf77e, 0xdedb, 0x83ef, 0x1081, 0x1020, 0x4140, 0x51a0, 0x51a0, 0x4940, 0x3900,
  0x6ac9, 0xe71d, 0xe71c, 0xce38, 0x9cd2, 0x9cb2, 0xce38, 0xc618, 0xc5f7, 0xbdd7, 0xbdd7, 0xbdb7,
  0xbdb6, 0xb5b6, 0xb596, 0xad55, 0xad55, 0xa535, 0xa514, 0xa4f4, 0x83f2, 0x524d, 0x1848, 0x20a9,
  0x28ca, 0x20a9, 0x1867, 0x0803, 0x0001, 0x0002, 0x0824, 0x1005, 0x3968, 0x9c91, 0xb534, 0xb534,
  0xad13, 0xad13, 0xb554, 0xb554, 0xb574, 0xbd75, 0xbd75, 0xbd95, 0xbd95, 0xbd95, 0xbd95, 0xbd95,
  0xbd95, 0xbd95, 0xbdb5, 0xbdb6, 0xbdb6, 0xbdb6, 0xc5b6, 0xc5b6, 0xc5b6, 0xc5d6, 0xbd75, 0x49e4,
  0x4981, 0x4120, 0x3900, 0x3920, 0x49a2, 0x93cb, 0xcd92, 0xc530, 0x936a, 0xac90, 0x5a04, 0x6ac9,
  0xb4d1, 0xac0c, 0xd572, 0xee77, 0xee77, 0xcd51, 0x9bab, 0xa3ec, 0x9bed, 0x3922, 0x5a26, 0x72e9,
  0x7b08, 0x93cb, 0x7b08, 0x4162, 0x1020, 0x1860, 0x49c3, 0x5223, 0x49e2, 0x49c1, 0x8c0d, 0xd637,
  0xc5b5, 0xc595, 0xbd95, 0xc5b5, 0xc5b6, 0xc5d6, 0xc5d6, 0xcdf7, 0xcdf6, 0xcdf6, 0xcdf6, 0xcdf6,
  0xce17, 0xcdf7, 0xcdf7, 0xcdf7, 0xcdf6, 0xc5d6, 0xc5d6, 0xc619, 0x8c73, 0x7c33, 0xd67a, 0xe6fc,
  0x8c71, 0x2124, 0x0820, 0x3900, 0x51a0, 0x49a0, 0x4120, 0x3900, 0x6287, 0xdedc, 0xe71c, 0xce39,
  0x9cd2, 0x9cb2, 0xce38, 0xce38, 0xc617, 0xc5f7, 0xc5f7, 0xbdd7, 0xbdd7, 0xbdb7, 0xb596, 0xb576,
  0xad55, 0xad35, 0xa535, 0xa514, 0xce18, 0x49ed, 0x1848, 0x20a9, 0x28ea, 0x20a9, 0x1868, 0x0824,
  0x0001, 0x0823, 0x0803, 0x3127, 0x9430, 0xb534, 0xb534, 0xb554, 0xb534, 0xad13, 0xb554, 0xb574,
  0xbd74, 0xbd95, 0xbd95, 0xbd95, 0xbd95, 0xbd95, 0xbd95, 0xbd95, 0xbd95, 0xbd95, 0xbd95, 0xbdb6,
  0xbdb6, 0xbdb6, 0xc5b6, 0xc5b6, 0xc5d6, 0xc5d6, 0xce17, 0x8c0e, 0x3940, 0x3100, 0x28a0, 0x3100,
  0x49a2, 0xa44d, 0xd5d3, 0xd5d4, 0xddf4, 0xddf4, 0xcd73, 0xc511, 0xc511, 0xcd51, 0xddd3, 0xe636,
  0xe635, 0xb48e, 0xa42d, 0xcd52, 0xcd94, 0x72e8, 0x9bed, 0x9c0e, 0x6a66, 0x93cb, 0x93aa, 0x51e3,
  0x1840, 0x1860, 0x41a2, 0x5a64, 0x3100, 0x28c0, 0xa4d1, 0xd637, 0xc5b6, 0xc5b5, 0xc5b5, 0xc5b6,
  0xc5d6, 0xc5d6, 0xc5d6, 0xc5d6, 0xc5d6, 0xc5d6, 0xcdf6, 0xce17, 0xce17, 0xce17, 0xce17, 0xce17,
  0xce17, 0xce17, 0xce17, 0xbdb7, 0x9cf4, 0x8c93, 0x73d1, 0xb5b7, 0x94b2, 0x2123, 0x0820, 0x28c0,
  0x4980, 0x4980, 0x4120, 0x38e0, 0x5a46, 0xce5a, 0xe71c, 0xc638, 0x9cb2, 0x9cd2, 0xce58, 0xce58,
  0xce38, 0xc617, 0xc5f7, 0xc5f7, 0xc5f7, 0xbdd7, 0xbdb6, 0xb596, 0xb575, 0xad55, 0xa535, 0xa514,
  0x9434, 0x28eb, 0x2088, 0x2088, 0x28ea, 0x20c9, 0x1868, 0x0824, 0x0001, 0x0803, 0x20a5, 0x8bcf,
  0xb534, 0xb534, 0xb554, 0xb574, 0xb554, 0xad13, 0xb553, 0xb574, 0xbd74, 0xbd95, 0xbd95, 0xbd95,
  0xbd95, 0xbd95, 0xbd95, 0xbd95, 0xbd95, 0xbd95, 0xbdb5, 0xbdb6, 0xbdb6, 0xc5b6, 0xc5b6, 0xc5d6,
  0xc5d6, 0xc5d6, 0xc5d7, 0xce17, 0x7b6b, 0x28a0, 0x28c0, 0x3900, 0x51e3, 0xac8e, 0xddf4, 0xee76,
  0xee97, 0xee77, 0xee56, 0xe615, 0xddd4, 0xddd3, 0xddb3, 0xe656, 0xde14, 0xbcaf, 0xac6e, 0xddf4,
  0xddf4, 0xd5b3, 0xcd72, 0xb4af, 0x9bec, 0xb4cf, 0xa44d, 0x6a65, 0x2080, 0x20a0, 0x3961, 0x62a5,
  0x1860, 0x3964, 0xcdf6, 0xcdf7, 0xcdd6, 0xcdd6, 0xc5d6, 0xc5d6, 0xc5d6, 0xc5d6, 0xc5d6, 0xc5d6,
  0xc5d6, 0xc5d6, 0xcdf6, 0xcdf7, 0xcdf6, 0xce17, 0xce17, 0xce17, 0xce17, 0xce37, 0xce37, 0xe71c,
  0xffff, 0xf77d, 0x8432, 0xa535, 0xa513, 0x6b2c, 0x3185, 0x1840, 0x4960, 0x4980, 0x4100, 0x38e0,
  0x5225, 0xc5f8, 0xe71c, 0xc618, 0x9491, 0x9cd2, 0xd659, 0xce58, 0xce38, 0xce18, 0xc5f7, 0xc5f7,
  0xbdd7, 0xbdd6, 0xbdb6, 0xb596, 0xb576, 0xad55, 0xad35, 0xa514, 0xad56, 0x398d, 0x1868, 0x2068,
  0x28ea, 0x28ca, 0x1868, 0x1025, 0x0001, 0x0802, 0x6229, 0xacf2, 0xb513, 0xb534, 0xb554, 0xbd75,
  0xb554, 0xad33, 0xb553, 0xbd95, 0xbd94, 0xbd95, 0xbd95, 0xbd95, 0xbd95, 0xbd95, 0xbd75, 0xbd75,
  0xbd95, 0xbd95, 0xbdb5, 0xbdb6, 0xc5b6, 0xc5d6, 0xc5d6, 0xc5d6, 0xc5d6, 0xc5d7, 0xc5f7, 0xcdf7,
  0xce17, 0x7b8c, 0x4161, 0x4940, 0x6a65, 0xb4af, 0xde14, 0xee76, 0xf6b8, 0xf6b8, 0xf697, 0xf6b8,
  0xf6b8, 0xddd3, 0xddd3, 0xe635, 0xddd3, 0xbcaf, 0xac4d, 0xddd4, 0xe615, 0xe615, 0xde35, 0xd5d4,
  0xc551, 0xbd10, 0xa44d, 0x72c6, 0x28a0, 0x28c0, 0x3961, 0x5a43, 0x20a0, 0xa4b1, 0xde79, 0xcdf7,
  0xcdf6, 0xcdf6, 0xcdf6, 0xcdf6, 0xcdf6, 0xcdf6, 0xc5d6, 0xcdd6, 0xcdf6, 0xcdf6, 0xcdf6, 0xcdf7,
  0xcdf7, 0xcdf7, 0xcdf6, 0xcdf6, 0xce17, 0xce17, 0xd679, 0xe71d, 0xe71d, 0xef3d, 0xd679, 0xc638,
  0xa513, 0x8c50, 0x4a68, 0x0800, 0x4140, 0x4980, 0x4100, 0x38e0, 0x5225, 0xb596, 0xdedb, 0xc618,
  0x9491, 0x9cb1, 0xce58, 0xce58, 0xce38, 0xc618, 0xc5f7, 0xc5f7, 0xbdd7, 0xbdb6, 0xbdb6, 0xb596,
  0xb596, 0xad75, 0xad35, 0xa514, 0xe6fb, 0x8c33, 0x2088, 0x1847, 0x20ca, 0x28eb, 0x2068, 0x1025,
  0x0002, 0x2000, 0x6985, 0xac91, 0xb513, 0xb534, 0xb554, 0xbd74, 0xb554, 0xad33, 0xad33, 0xbd95,
  0xbd95, 0xbd95, 0xbd75, 0xbd75, 0xbd75, 0xbd75, 0xbd75, 0xbd75, 0xbd95, 0xbd95, 0xbdb5, 0xbdb6,
  0xc5b6, 0xc5d6, 0xc5d6, 0xc5d6, 0xc5d7, 0xc5d7, 0xcdf7, 0xce17, 0xce38, 0xce18, 0x8bcc, 0x7ac6,
  0x8328, 0xbcf0, 0xddd3, 0xee35, 0xf698, 0xf6f9, 0xf677, 0xf677, 0xee56, 0xddd3, 0xddd3, 0xe5f4,
  0xddd3, 0xbcaf, 0xb46e, 0xd572, 0xe5f4, 0xe5f5, 0xe615, 0xe615, 0xcd93, 0xbccf, 0xa42c, 0x6aa6,
  0x2080, 0x28c0, 0x3941, 0x3100, 0x83ac, 0xde9a, 0xd638, 0xd637, 0xd617, 0xce17, 0xce17, 0xce17,
  0xce17, 0xcdf7, 0xcdf7, 0xcdf7, 0xce17, 0xce17, 0xce16, 0xcdf7, 0xcdf7, 0xcdf7, 0xcdf6, 0xcdf6,
  0xcdf6, 0xce16, 0xd679, 0xdedc, 0xc65b, 0xdefc, 0xdedb, 0xc5f8, 0x9cb2, 0x83ef, 0x4a48, 0x0000,
  0x3900, 0x4980, 0x3900, 0x30c0, 0x5225, 0xad54, 0xd69a, 0xc618, 0x9491, 0x9491, 0xce38, 0xce38,
  0xce38, 0xc617, 0xc5f7, 0xc5d7, 0xbdd7, 0xbdb7, 0xbdb6, 0xb596, 0xb575, 0xad55, 0xad35, 0xa534,
  0x62d1, 0x62d0, 0x20a9, 0x1847, 0x2089, 0x28eb, 0x2068, 0x1005, 0x1001, 0x4021, 0x5841, 0x930b,
  0xb4f3, 0xbd34, 0xbd54, 0xbd75, 0xb574, 0xb554, 0xad33, 0xbd75, 0xbd95, 0xbd95, 0xbd95, 0xbd74,
  0xbd75, 0xbd95, 0xbd75, 0xbd95, 0xbd95, 0xbd95, 0xbdb6, 0xc5b6, 0xc5d6, 0xc5d6, 0xc5b6, 0xc5d6,
  0xc5d7, 0xc5f7, 0xce17, 0xce38, 0xce38, 0xd679, 0xcdd6, 0xc531, 0xb4af, 0xbcf0, 0xddb3, 0xee36,
  0xf697, 0xff5c, 0xf6d9, 0xe5f4, 0xdd93, 0xddd4, 0xdd72, 0xe593, 0xddb3, 0xc4d0, 0x9bcb, 0xbcaf,
  0xe614, 0xee15, 0xe614, 0xe615, 0xd572, 0xb46e, 0x9beb, 0x6224, 0x2880, 0x28a0, 0x2080, 0x7b4b,
  0xd679, 0xd658, 0xd658, 0xd658, 0xd638, 0xd638, 0xd637, 0xd637, 0xd637, 0xd617, 0xce17, 0xce17,
  0xce37, 0xce17, 0xce17, 0xce17, 0xcdf7, 0xce17, 0xce17, 0xcdf6, 0xcdf7, 0xce16, 0xd69a, 0xef3d,
  0xe73d, 0xef5e, 0xe6fc, 0xce59, 0x9cf3, 0x7bef, 0x4a48, 0x0000, 0x28c0, 0x4980, 0x3900, 0x30c0,
  0x5225, 0xad14, 0xce59, 0xc618, 0x9491, 0x9491, 0xce37, 0xce17, 0xc617, 0xc617, 0xc5f7, 0xc5f7,
  0xbdd7, 0xbdd7, 0xbdb6, 0xb596, 0xb575, 0xad75, 0xad55, 0xad34, 0x310d, 0x310d, 0x20a9, 0x1868,
  0x2089, 0x28eb, 0x2068, 0x1803, 0x3821, 0x5842, 0x5002, 0x70e3, 0xa40f, 0xbd34, 0xbd54, 0xbd74,
  0xbd74, 0xb554, 0xad33, 0xb574, 0xbd95, 0xbd95, 0xbd95, 0xbd95, 0xbd95, 0xbd95, 0xbd95, 0xbd95,
  0xbd95, 0xbdb6, 0xbdb6, 0xc5d6, 0xc5d6, 0xc5d6, 0xc5d6, 0xc5d6, 0xc5d7, 0xc5f7, 0xce17, 0xce58,
  0xd659, 0xd659, 0xd659, 0xd5d5, 0xde14, 0xcd52, 0xcd92, 0xe614, 0xee56, 0xf697, 0xddb3, 0xbc6e,
  0xd552, 0xe5d4, 0xe5d4, 0xee16, 0xee56, 0xcd31, 0xa3ec, 0xa3cc, 0xc4f0, 0xee15, 0xee35, 0xee56,
  0xcd72, 0xac4d, 0x8b8a, 0x6244, 0x30a0, 0x2060, 0x83ac, 0xdeba, 0xd658, 0xd658, 0xd658, 0xd658,
  0xd658, 0xd658, 0xd658, 0xde58, 0xde58, 0xd658, 0xd637, 0xd637, 0xd637, 0xd637, 0xce17, 0xce17,
  0xce17, 0xce17, 0xce37, 0xce37, 0xce17, 0xcdf6, 0xde9a, 0xef7e, 0xef3d, 0xef5e, 0xe71c, 0xd67a,
  0xa4f3, 0x7bce, 0x4a48, 0x0000, 0x2080, 0x4160, 0x38e0, 0x30c0, 0x5225, 0xa513, 0xc618, 0xc5f8,
  0x9471, 0x9cb1, 0xce58, 0xce37, 0xc617, 0xc617, 0xc5f7, 0xc5f7, 0xc5f7, 0xbdd7, 0xbdb6, 0xb596,
  0xb575, 0xb575, 0xad55, 0xad34, 0x312d, 0x312d, 0x20aa, 0x1868, 0x2089, 0x208a, 0x2046, 0x4822,
  0x5822, 0x5022, 0x5042, 0x6022, 0x81c6, 0xb4b1, 0xbd54, 0xbd54, 0xbd54, 0xb554, 0xb534, 0xb554,
  0xbd75, 0xbd95, 0xbd95, 0xbdb5, 0xbd95, 0xbd95, 0xbd95, 0xbdb5, 0xbdb5, 0xc5b6, 0xc5b6, 0xc5d6,
  0xc5d6, 0xc5d7, 0xc5d7, 0xc5f7, 0xcdf7, 0xce17, 0xce18, 0xd659, 0xd659, 0xd679, 0xd679, 0xce38,
  0xd5d5, 0xc532, 0xc510, 0xd5b3, 0xddb3, 0xd551, 0xb42c, 0xcd31, 0xe5b3, 0xcd11, 0xc48f, 0xd573,
  0xd573, 0xabed, 0x9b6a, 0x9b8a, 0xa3eb, 0xcd10, 0xe5d4, 0xddd4, 0xcd31, 0xa3ec, 0x8b69, 0x8349,
  0x6a65, 0x93cc, 0xe6ba, 0xd679, 0xd658, 0xd658, 0xd658, 0xd658, 0xd658, 0xd658, 0xd658, 0xde79,
  0xde79, 0xde78, 0xde58, 0xd658, 0xd638, 0xd658, 0xd658, 0xd638, 0xd658, 0xd658, 0xd658, 0xd658,
  0xce37, 0xce17, 0xde9a, 0xef5e, 0xef3d, 0xef5e, 0xe71c, 0xce7a, 0x9cd3, 0x7bae, 0x4a28, 0x0000,
  0x1840, 0x4120, 0x38e0, 0x30a0, 0x5205, 0xa4f3, 0xbdd7, 0xbdd7, 0x9470, 0x9cb1, 0xd658, 0xce38,
  0xce37, 0xc617, 0xc617, 0xc5f7, 0xc5f7, 0xc5d7, 0xbdb6, 0xbdb6, 0xb596, 0xb575, 0xad55, 0xad55,
  0x312d, 0x312d, 0x20aa, 0x1848, 0x2068, 0x2026, 0x5042, 0x6843, 0x5022, 0x5822, 0x5022, 0x6043,
  0x6842, 0x92a9, 0xbd13, 0xbd54, 0xbd74, 0xbd74, 0xb554, 0xad33, 0xbd95, 0xbd95, 0xbdb5, 0xbdb5,
  0xc5b5, 0xbdb5, 0xbdb5, 0xc5b6, 0xc5b6, 0xc5b6, 0xc5d6, 0xc5d7, 0xc5f7, 0xc5f7, 0xc5f7, 0xcdf7,
  0xce17, 0xce18, 0xce38, 0xd679, 0xd679, 0xd679, 0xd679, 0xd67a, 0xd67a, 0xc574, 0xbd10, 0xcd51,
  0xcd30, 0xb40c, 0xcd51, 0xee56, 0xe5f4, 0xddb2, 0xd592, 0xc4d0, 0xabec, 0x9bab, 0x938a, 0x9bcb,
  0xb48e, 0xbccf, 0xcd51, 0xd572, 0xb48e, 0x93aa, 0x8349, 0x938b, 0xac8f, 0xde78, 0xdeba, 0xde79,
  0xd678, 0xd679, 0xd658, 0xd658, 0xd658, 0xd658, 0xd658, 0xde78, 0xde78, 0xde78, 0xde78, 0xde58,
  0xde58, 0xde78, 0xde78, 0xde78, 0xde78, 0xde78, 0xd678, 0xd658, 0xd658, 0xce37, 0xdebb, 0xf77e,
  0xef3d, 0xef5e, 0xe71d, 0xce79, 0x9cd3, 0x7bae, 0x4207, 0x0000, 0x1020, 0x3900, 0x38e0, 0x30a0,
  0x49e5, 0xa4f2, 0xbd96, 0xbdd7, 0x9470, 0x9cb1, 0xce58, 0xce38, 0xce37, 0xce17, 0xc617, 0xc5f7,
  0xc5f7, 0xbdd6, 0xbdb6, 0xbdb6, 0xb596, 0xb575, 0xb575, 0xad54, 0x312c, 0x312d, 0x28aa, 0x1847,
  0x2826, 0x5023, 0x7042, 0x7063, 0x5022, 0x5842, 0x5022, 0x5842, 0x6843, 0x78a3, 0xa38c, 0xbd34,
  0xbd74, 0xbd54, 0xb554, 0xad13, 0xbd95, 0xbdb5, 0xc5b5, 0xc5b5, 0xc5b6, 0xc5d6, 0xc5d6, 0xc5d6,
  0xc5d6, 0xc5d6, 0xc5d6, 0xc5d7, 0xc5f7, 0xc5f7, 0xcdf7, 0xce17, 0xce17, 0xce17, 0xce59, 0xd69a,
  0xd69a, 0xd69a, 0xde9a, 0xde9a, 0xdedb, 0xc5b5, 0xc510, 0xd5d3, 0xddd3, 0xd592, 0xcd51, 0xc4f0,
  0xddb3, 0xe5f5, 0xf6b8, 0xf698, 0xe615, 0xd573, 0xbcd0, 0xb48e, 0xac4d, 0xb46e, 0xc4f0, 0xc530,
  0xa40c, 0x938a, 0x93ec, 0xcdf6, 0xde9a, 0xe6db, 0xde99, 0xde99, 0xde79, 0xde79, 0xde79, 0xd658,
  0xd658, 0xd658, 0xd658, 0xd658, 0xde78, 0xde78, 0xde78, 0xde78, 0xde78, 0xde78, 0xde99, 0xde99,
  0xde99, 0xde78, 0xd678, 0xd658, 0xd658, 0xd637, 0xdedb, 0xf77e, 0xef3d, 0xef5e, 0xe73d, 0xd67a,
  0x9cd2, 0x73ad, 0x4207, 0x0000, 0x0820, 0x30e0, 0x38e0, 0x30a0, 0x49e4, 0x9cd2, 0xb595, 0xbdb6,
  0x8c70, 0x9491, 0xce58, 0xce58, 0xce37, 0xce38, 0xce17, 0xc617, 0xc5f7, 0xbdd7, 0xbdb6, 0xbdb6,
  0xb596, 0xb596, 0xb575, 0xad55, 0x312c, 0x312d, 0x208a, 0x2005, 0x5842, 0x6843, 0x6843, 0x7863,
  0x5022, 0x5822, 0x5842, 0x5022, 0x6863, 0x7043, 0x8144, 0xac50, 0xbd54, 0xb554, 0xb554, 0xad13,
  0xbd75, 0xc5b6, 0xc5d6, 0xc5d6, 0xc5d6, 0xc5d6, 0xc5d6, 0xc5d6, 0xc5d6, 0xc5d6, 0xc5d6, 0xc5d7,
  0xc5f7, 0xce18, 0xce18, 0xce18, 0xce18, 0xce18, 0xce59, 0xd69a, 0xdeba, 0xdebb, 0xdebb, 0xde9a,
  0xdedb, 0xcdd6, 0xc530, 0xddf3, 0xee56, 0xee97, 0xd593, 0x9309, 0xbcd0, 0xd533, 0xd533, 0xdd13,
  0xd4f2, 0xbc70, 0xabee, 0x7a67, 0x7205, 0xcd30, 0xddd3, 0xcd71, 0xa42c, 0x9389, 0xacb0, 0xef3c,
  0xe6da, 0xdeba, 0xde9a, 0xde99, 0xde79, 0xde99, 0xde79, 0xde78, 0xde78, 0xd678, 0xd658, 0xd658,
  0xde78, 0xde79, 0xde78, 0xde99, 0xe699, 0xde99, 0xe699, 0xe6b9, 0xe6b9, 0xde98, 0xde78, 0xde78,
  0xd658, 0xd637, 0xe6db, 0xf77e, 0xef3d, 0xef5e, 0xe73d, 0xd67a, 0x9cb2, 0x738d, 0x41e7, 0x0000,
  0x0000, 0x28c0, 0x38e0, 0x28a0, 0x49e4, 0x9cd2, 0xb575, 0xb596, 0x8c70, 0x9c91, 0xd658, 0xce58,
  0xce38, 0xce37, 0xce37, 0xce17, 0xc617, 0xc5f7, 0xbdd6, 0xbdb6, 0xbd96, 0xb596, 0xb595, 0xb575,
  0x312d, 0x30ec, 0x496b, 0x60c4, 0x7042, 0x6863, 0x6843, 0x7863, 0x5842, 0x5022, 0x5843, 0x5022,
  0x6043, 0x7063, 0x7022, 0x8a27, 0xb4f2, 0xb534, 0xb554, 0xad13, 0xb554, 0xc5b6, 0xc5d6, 0xc5f6,
  0xc5f6, 0xc5d6, 0xc5d6, 0xc5d6, 0xc5d6, 0xc5d6, 0xc5d6, 0xc5d7, 0xc5f7, 0xce18, 0xce18, 0xce38,
  0xce38, 0xce59, 0xd69a, 0xdebb, 0xe6db, 0xe6db, 0xdeba, 0xd67a, 0xde9a, 0xd638, 0xc551, 0xddd3,
  0xe655, 0xeeb7, 0xee77, 0xddb3, 0xcd52, 0xeeb8, 0xf71a, 0xeed9, 0xe698, 0xde16, 0xbcf0, 0x9b4a,
  0xbcaf, 0xde14, 0xee97, 0xcd51, 0xa42c, 0x8b89, 0xbd53, 0xe71c, 0xe6ba, 0xdeba, 0xde9a, 0xde79,
  0xde99, 0xde99, 0xde99, 0xde99, 0xde79, 0xde79, 0xde78, 0xde78, 0xde78, 0xde79, 0xe699, 0xe699,
  0xe699, 0xe699, 0xe6b9, 0xe6b9, 0xe6b9, 0xe699, 0xde98, 0xde78, 0xd678, 0xd658, 0xe6db, 0xf77e,
  0xef3d, 0xef5e, 0xef3d, 0xd67a, 0x9cb2, 0x736d, 0x41e7, 0x0000, 0x0000, 0x2080, 0x30e0, 0x28a0,
  0x49c4, 0x9cb2, 0xad54, 0xb575, 0x8c50, 0x9c91, 0xd678, 0xd658, 0xce37, 0xce37, 0xce37, 0xce17,
  0xce17, 0xc5f7, 0xbdd6, 0xbdb6, 0xbdb6, 0xbd95, 0xb595, 0xb575, 0x30ec, 0x5a4f, 0xb536, 0x9b8d,
  0x7082, 0x6843, 0x6863, 0x7863, 0x5843, 0x5022, 0x6043, 0x4822, 0x6043, 0x7063, 0x7043, 0x7062,
  0x9b2b, 0xb513, 0xb554, 0xad13, 0xb533, 0xc5b6, 0xc5d6, 0xc5f7, 0xc617, 0xc5f7, 0xc5f6, 0xc5d6,
  0xc5d6, 0xc5d6, 0xc5d6, 0xc5f7, 0xc5f7, 0xce18, 0xce38, 0xce59, 0xd67a, 0xce59, 0xc5f8, 0xb576,
  0xa4f4, 0x9c73, 0x8bf1, 0x83af, 0x7b6f, 0x7b6e, 0xac8f, 0xd5d2, 0xde14, 0xee96, 0xe655, 0xe615,
  0xd552, 0xdd34, 0xf699, 0xee58, 0xedd6, 0xdd34, 0xbc2e, 0xbc6e, 0xc531, 0xe656, 0xe635, 0xbccf,
  0x9c0c, 0x8b8a, 0xd658, 0xe6db, 0xdeba, 0xde9a, 0xd679, 0xd679, 0xde99, 0xde99, 0xde99, 0xde99,
  0xde99, 0xde99, 0xde99, 0xde79, 0xde79, 0xde78, 0xde99, 0xde99, 0xe6b9, 0xe6b9, 0xe6b9, 0xe6b9,
  0xe6b9, 0xe6b9, 0xde98, 0xde78, 0xd678, 0xd658, 0xe6db, 0xf77e, 0xef3d, 0xef5e, 0xef3d, 0xd67a,
  0x9cb2, 0x736d, 0x39e6, 0x0000, 0x0000, 0x1840, 0x30c0, 0x28a0, 0x41a4, 0x9cb2, 0xad54, 0xad54,
  0x8c50, 0x9490, 0xd678, 0xd678, 0xce57, 0xce37, 0xce37, 0xce17, 0xce17, 0xc617, 0xc5f6, 0xbdd6,
  0xbdb6, 0xbdb6, 0xb595, 0xb575, 0x418d, 0xad17, 0xd639, 0xb534, 0x8a89, 0x6022, 0x7063, 0x8082,
  0x6043, 0x5022, 0x6043, 0x5022, 0x5843, 0x7063, 0x7063, 0x7043, 0x7904, 0xa40f, 0xb554, 0xb513,
  0xb534, 0xbdb6, 0xc5f7, 0xc5f8, 0xc618, 0xce18, 0xcdf7, 0xc5d6, 0xc5d7, 0xc5f7, 0xc5f7, 0xc617,
  0xce38, 0xce39, 0xce59, 0xce59, 0xb597, 0x9c94, 0x8bf1, 0x732e, 0x524a, 0x39a7, 0x2925, 0x20c3,
  0x20c3, 0x18a3, 0x72e9, 0xcd71, 0xd5d3, 0xe655, 0xee56, 0xe614, 0xddf4, 0xe616, 0xedf6, 0xe574,
  0xdd13, 0xd4f2, 0xb44e, 0xb48e, 0xcd72, 0xe656, 0xcd52, 0xac8e, 0x938a, 0xa4b0, 0xdedb, 0xde99,
  0xde9a, 0xde9a, 0xde9a, 0xde79, 0xde99, 0xde99, 0xde9a, 0xde9a, 0xe6b9, 0xde99, 0xde99, 0xde99,
  0xde79, 0xde78, 0xde79, 0xde99, 0xe699, 0xe699, 0xe699, 0xe699, 0xde99, 0xde78, 0xde78, 0xde78,
  0xd658, 0xd637, 0xe6db, 0xf77e, 0xef3d, 0xef5e, 0xef3d, 0xd69a, 0x9cd2, 0x6b4c, 0x41e7, 0x0000,
  0x0000, 0x1020, 0x28a0, 0x28a0, 0x41a3, 0x9491, 0xad34, 0xad34, 0x8c30, 0x9c91, 0xd678, 0xd678,
  0xce57, 0xce37, 0xce37, 0xce37, 0xc617, 0xc5f7, 0xc5f6, 0xbdd6, 0xbdb6, 0xbdb6, 0xb596, 0xb575,
  0x8bf3, 0xd67b, 0xcdf8, 0xbd55, 0xacb2, 0x7965, 0x7022, 0x8082, 0x6043, 0x5022, 0x6043, 0x5022,
  0x5842, 0x7063, 0x7063, 0x7063, 0x7042, 0x89c6, 0xacb1, 0xb533, 0xb533, 0xc5d6, 0xc5f7, 0xc618,
  0xce18, 0xce18, 0xce18, 0xcdf7, 0xc5f7, 0xcdf7, 0xce18, 0xce38, 0xce38, 0xd659, 0xce19, 0x9cb4,
  0x8c12, 0x6aed, 0x3166, 0x1062, 0x0000, 0x0000, 0x0000, 0x0000, 0x0000, 0x0000, 0x6ae8, 0xc551,
  0xcd71, 0xde14, 0xe635, 0xee55, 0xe615, 0xe615, 0xddd4, 0xdd93, 0xd572, 0xcd11, 0xbccf, 0xc530,
  0xcd92, 0xcd92, 0xb4ae, 0xa42c, 0x93ec, 0xd658, 0xde9a, 0xd699, 0xde9a, 0xde9a, 0xde9a, 0xde9a,
  0xde99, 0xde9a, 0xde9a, 0xde9a, 0xe699, 0xde99, 0xde99, 0xde99, 0xde79, 0xde79, 0xde79, 0xde99,
  0xe699, 0xe699, 0xe699, 0xde79, 0xde78, 0xde78, 0xd658, 0xd658, 0xd658, 0xd637, 0xe6db, 0xf77e,
  0xef3d, 0xef5e, 0xef3d, 0xd69a, 0x9cd3, 0x6b4c, 0x4207, 0x0000, 0x0000, 0x0800, 0x2080, 0x28a0,
  0x41a3, 0x9491, 0xa513, 0xa513, 0x8c30, 0x9c91, 0xd678, 0xd678, 0xd658, 0xce57, 0xce37, 0xce37,
  0xc617, 0xc5f7, 0xc5f6, 0xc5f6, 0xc5f6, 0xbdd6, 0xbd95, 0xb575, 0xce19, 0xde9b, 0xce18, 0xbd55,
  0xb534, 0x9bce, 0x78a2, 0x7862, 0x6843, 0x5822, 0x6843, 0x5022, 0x5822, 0x7063, 0x7063, 0x7063,
  0x7063, 0x7062, 0x92ca, 0xb4f3, 0xad13, 0xbdb6, 0xc618, 0xc618, 0xce18, 0xce18, 0xce38, 0xce18,
  0xc5f7, 0xc618, 0xce18, 0xce39, 0xce59, 0xce19, 0x9c54, 0x83d1, 0x4a09, 0x0820, 0x0000, 0x0000,
  0x0000, 0x0000, 0x0000, 0x0000, 0x0000, 0x0000, 0x6ae9, 0xd5f3, 0xb4ef, 0xd5b2, 0xe614, 0xee56,
  0xee56, 0xee77, 0xee77, 0xe5f4, 0xddb3, 0xd572, 0xd592, 0xcd51, 0xbcf0, 0xac8e, 0xac6d, 0x8b69,
  0xb533, 0xe6db, 0xd679, 0xd679, 0xde9a, 0xde9a, 0xde9a, 0xde7a, 0xd69a, 0xde9a, 0xdeba, 0xe6ba,
  0xde99, 0xde99, 0xde99, 0xde99, 0xd679, 0xde79, 0xde79, 0xde99, 0xde99, 0xde99, 0xde99, 0xde78,
  0xde78, 0xde78, 0xd658, 0xd658, 0xd658, 0xd658, 0xe6db, 0xf77e, 0xef3d, 0xef5e, 0xef3d, 0xd69a,
  0x9cd2, 0x6b4c, 0x4227, 0x0000, 0x0020, 0x0840, 0x1840, 0x28a0, 0x4183, 0x9471, 0xa514, 0xa513,
  0x842f, 0x9c91, 0xd698, 0xd678, 0xd678, 0xce58, 0xce37, 0xce37, 0xce17, 0xce17, 0xc617, 0xc616,
  0xc5f6, 0xbdd6, 0xbdb5, 0xb575, 0xde9b, 0xde9b, 0xce19, 0xbd75, 0xb534, 0xacf3, 0x8a89, 0x7042,
  0x6863, 0x5842, 0x6843, 0x5822, 0x5022, 0x6843, 0x7063, 0x7063, 0x7063, 0x7042, 0x70c3, 0xa3ce,
  0xa4d2, 0xbd75, 0xce18, 0xc618, 0xce18, 0xce38, 0xce18, 0xce18, 0xce38, 0xce39, 0xce59, 0xce59,
  0xd67a, 0xa4b5, 0x83d1, 0x3166, 0x0000, 0x0000, 0x0000, 0x0000, 0x0000, 0x0000, 0x0000, 0x0020,
  0x0020, 0x0000, 0x6aa8, 0xe634, 0xc571, 0xacae, 0xd592, 0xee36, 0xee36, 0xf677, 0xf6b8, 0xee35,
  0xe5f5, 0xddb4, 0xd593, 0xbcf0, 0xa44d, 0xa42d, 0x93aa, 0x8349, 0xc5d6, 0xe6ba, 0xde99, 0xde99,
  0xde9a, 0xdeba, 0xde9a, 0xd699, 0xde7a, 0xde9a, 0xdeba, 0xe6ba, 0xde99, 0xde99, 0xde79, 0xde79,
  0xd679, 0xd659, 0xd678, 0xde79, 0xde99, 0xde99, 0xde79, 0xde78, 0xd658, 0xd658, 0xd658, 0xd638,
  0xd658, 0xd637, 0xe6bb, 0xf77e, 0xef3d, 0xef5e, 0xef3d, 0xd69a, 0x9cb2, 0x6b4c, 0x4a48, 0x0000,
  0x1081, 0x2103, 0x1020, 0x2080, 0x3983, 0x8c50, 0xa514, 0xa4f3, 0x842f, 0x9c90, 0xde98, 0xd698,
  0xd678, 0xd658, 0xce57, 0xce37, 0xce17, 0xce17, 0xce37, 0xce37, 0xc5f7, 0xbdd6, 0xbd95, 0xb595,
  0xdebb, 0xde9b, 0xce39, 0xbd75, 0xb534, 0xacf3, 0xac91, 0x8186, 0x7022, 0x5843, 0x6843, 0x5842,
  0x5022, 0x6843, 0x7063, 0x7063, 0x7063, 0x7882, 0x7022, 0x81e6, 0x9c50, 0xb554, 0xce18, 0xce18,
  0xce18, 0xce38, 0xce38, 0xce39, 0xce59, 0xce7a, 0xce5a, 0xd69a, 0xbd97, 0x8c12, 0x41e8, 0x0000,
  0x0000, 0x0000, 0x0000, 0x0841, 0x2123, 0x1081, 0x1061, 0x1081, 0x1881, 0x0820, 0x6ac7, 0xde13,
  0xe675, 0xc592, 0xac8e, 0xd5b3, 0xf697, 0xf6b9, 0xf677, 0xee36, 0xee16, 0xe5f5, 0xcd31, 0xa42d,
  0x8b8a, 0x8349, 0x8349, 0x93cb, 0xde99, 0xe6db, 0xe6ba, 0xdeba, 0xdeba, 0xdeba, 0xde9a, 0xde99,
  0xde79, 0xde9a, 0xde9a, 0xe6ba, 0xe699, 0xe699, 0xde99, 0xd679, 0xd658, 0xd658, 0xd658, 0xde79,
  0xde99, 0xde99, 0xde79, 0xde58, 0xd658, 0xd638, 0xd637, 0xd637, 0xd638, 0xd637, 0xdeba, 0xef5e,
  0xef3d, 0xef5d, 0xef3d, 0xd69b, 0x9cd3, 0x6b4c, 0x4a68, 0x0000, 0x1082, 0x39c6, 0x1020, 0x2060,
  0x3963, 0x8c50, 0xa4f3, 0x9cf2, 0x840f, 0x9c90, 0xde98, 0xde98, 0xd678, 0xd658, 0xce57, 0xce17,
  0xc5f6, 0xc5f6, 0xc617, 0xc617, 0xc5f6, 0xbdd6, 0xbdb6, 0xbd95, 0xdebc, 0xde9b, 0xce39, 0xbd75,
  0xb534, 0xacd2, 0xacf3, 0xa3ce, 0x70a3, 0x6022, 0x6863, 0x5843, 0x5022, 0x6843, 0x7063, 0x7063,
  0x7063, 0x8082, 0x7863, 0x7082, 0x8b0a, 0xb534, 0xcdf7, 0xce18, 0xce38, 0xce39, 0xce59, 0xce59,
  0xce7a, 0xce7a, 0xce79, 0xce38, 0x9c74, 0x734f, 0x0020, 0x0000, 0x0000, 0x0820, 0x0000, 0x4207,
  0x5289, 0x1881, 0x0820, 0x0820, 0x0820, 0x0000, 0x6aa7, 0xde13, 0xe696, 0xe675, 0xc591, 0xa46d,
  0xbcb0, 0xd593, 0xddb4, 0xe5d5, 0xddb4, 0xc4f1, 0x9bcb, 0x7b08, 0x7b08, 0x8349, 0x8b8a, 0x8bcc,
  0xce18, 0xef1b, 0xe6db, 0xe6da, 0xe6da, 0xe6ba, 0xde9a, 0xde99, 0xde99, 0xde99, 0xde99, 0xde99,
  0xe699, 0xde99, 0xde99, 0xd679, 0xd658, 0xd658, 0xd658, 0xde79, 0xde99, 0xde99, 0xde79, 0xd658,
  0xd638, 0xd638, 0xd637, 0xd637, 0xd638, 0xd637, 0xdeba, 0xef5e, 0xef3d, 0xef3e, 0xef3d, 0xd69b,
  0x9cf3, 0x6b4c, 0x39c5, 0x0000, 0x0020, 0x4a68, 0x18a1, 0x1820, 0x3963, 0x8c30, 0xa4f3, 0x9cd2,
  0x840f, 0x9490, 0xde98, 0xd698, 0xd678, 0xce57, 0xce37, 0xc616, 0xc5d6, 0xbdd5, 0xc5d6, 0xc5d6,
  0xbdd6, 0xbdd6, 0xbdb6, 0xbdb5, 0xdebc, 0xdebc, 0xd639, 0xbd75, 0xb534, 0xa4b2, 0xacf3, 0xb513,
  0x8aaa, 0x6022, 0x6863, 0x6043, 0x5022, 0x6043, 0x7063, 0x7063, 0x7063, 0x8082, 0x7882, 0x7042,
  0x7144, 0xac91, 0xcdf7, 0xce18, 0xce38, 0xce59, 0xce7a, 0xce7a, 0xce7a, 0xd6bb, 0xbdb7, 0xad15,
  0x8c13, 0x4a29, 0x0000, 0x0841, 0x1061, 0x0000, 0x4a68, 0x73ac, 0x2123, 0x0820, 0x0000, 0x0000,
  0x0000, 0x0000, 0x4184, 0xde13, 0xeeb7, 0xeeb7, 0xde34, 0xc591, 0x940c, 0x8349, 0x7b29, 0x7b08,
  0x7ae8, 0x72a6, 0x72c7, 0x7b28, 0x838a, 0x8baa, 0x8baa, 0x6ae9, 0x7b90, 0xb556, 0xe6db, 0xef1b,
  0xe6da, 0xe6ba, 0xe6ba, 0xdeba, 0xde99, 0xde99, 0xde99, 0xde99, 0xde99, 0xde99, 0xde79, 0xd679,
  0xd679, 0xd679, 0xd679, 0xde79, 0xd679, 0xd679, 0xd658, 0xd658, 0xd658, 0xd658, 0xd658, 0xd658,
  0xd658, 0xd658, 0xdeba, 0xef5e, 0xef3d, 0xef3d, 0xef3d, 0xd6bb, 0xa4f3, 0x736d, 0x630b, 0x5aca,
  0x5aca, 0x9cb2, 0x5aea, 0x0800, 0x3122, 0x842f, 0xa4f3, 0x9cd2, 0x840f, 0x9490, 0xde98, 0xd698,
  0xce58, 0xce17, 0xc5f6, 0xc5f6, 0xbdd6, 0xbdb5, 0xbdb5, 0xbdb5, 0xc5d6, 0xc5d6, 0xbdb6, 0xbd95,
  0xde9b, 0xdebc, 0xd639, 0xbd75, 0xad13, 0xa4b2, 0xb513, 0xb534, 0xac92, 0x7965, 0x6822, 0x6043,
  0x4822, 0x6043, 0x7063, 0x7063, 0x7063, 0x8882, 0x8082, 0x7062, 0x6841, 0x9b6d, 0xc5f8, 0xce18,
  0xce39, 0xce59, 0xce7a, 0xce7a, 0xd6bb, 0xd69b, 0x83d1, 0x9c93, 0x83d2, 0x2925, 0x0000, 0x20e3,
  0x0000, 0x5ac9, 0x9cb1, 0x39e6, 0x20e2, 0x0000, 0x0000, 0x0000, 0x0000, 0x0840, 0x0840, 0x5a67,
  0xd5d3, 0xf6f8, 0xf6f8, 0xee96, 0xde55, 0xc571, 0xa48e, 0x838a, 0x6aa6, 0x7328, 0x8bcb, 0x8bcb,
  0x8bcb, 0x93cb, 0x9beb, 0x3123, 0x1082, 0x6aed, 0x9c93, 0xd659, 0xeefb, 0xe6ba, 0xe6ba, 0xdeba,
  0xde9a, 0xde9a, 0xde99, 0xde99, 0xde99, 0xde9a, 0xde99, 0xde79, 0xde79, 0xde99, 0xde79, 0xd679,
  0xd679, 0xd679, 0xd659, 0xce38, 0xd638, 0xd658, 0xd658, 0xd658, 0xde78, 0xd658, 0xd67a, 0xef5e,
  0xef3d, 0xef3d, 0xef3d, 0xd6bb, 0xa514, 0x7bce, 0x9471, 0xbdd7, 0xb596, 0xd67a, 0xb596, 0x3164,
  0x20c1, 0x840f, 0x9cd2, 0x9cb2, 0x840f, 0x9490, 0xd678, 0xd678, 0xce17, 0xc5d6, 0xc5d6, 0xc5d6,
  0xbdb5, 0xbd95, 0xbd95, 0xbdb5, 0xbdb5, 0xbdd6, 0xbdb5, 0xb574, 0xde9b, 0xdebb, 0xce39, 0xbd75,
  0xacd3, 0xa4b1, 0xb513, 0xb513, 0xb534, 0x9b8d, 0x6882, 0x6043, 0x4822, 0x6043, 0x7063, 0x7063,
  0x7063, 0x8882, 0x8882, 0x7062, 0x6001, 0x8a48, 0xc5d7, 0xce38, 0xce39, 0xce59, 0xce7a, 0xce7a,
  0xbdd7, 0xc618, 0x734d, 0xa4b4, 0x83d1, 0x2104, 0x20e3, 0x1061, 0x52a8, 0xc617, 0x630b, 0x2122,
  0x0861, 0x0000, 0x0000, 0x0000, 0x0020, 0x1060, 0x0840, 0x0820, 0x2902, 0x5226, 0x732a, 0x8bcc,
  0x9c4e, 0xacf0, 0xbd72, 0xcdd3, 0xbd71, 0xb4f0, 0xaccf, 0x9c2d, 0x940c, 0x8baa, 0x5a66, 0x0840,
  0x0000, 0x0820, 0x524a, 0x8c12, 0xc5f7, 0xef1b, 0xdeba, 0xe6ba, 0xde9a, 0xde99, 0xde99, 0xde99,
  0xdeba, 0xe6ba, 0xe6ba, 0xdeba, 0xdeba, 0xdeba, 0xdeba, 0xde9a, 0xd679, 0xd679, 0xd658, 0xce38,
  0xce37, 0xd638, 0xd658, 0xd658, 0xd658, 0xce18, 0xdedc, 0xef5e, 0xef3d, 0xef3d, 0xef3d, 0xd69b,
  0xa514, 0x83ef, 0x842f, 0xb596, 0xb575, 0xce59, 0xbdf8, 0x7bef, 0x2963, 0x736c, 0x9cd2, 0x9491,
  0x83ee, 0x9470, 0xd678, 0xce57, 0xc5f6, 0xbdd6, 0xbdb5, 0xbd95, 0xb574, 0xb574, 0xbd95, 0xbd95,
  0xb575, 0xbd95, 0xb574, 0xad54, 0xd67a, 0xde9b, 0xd639, 0xbd75, 0xa4d2, 0xa4b1, 0xb513, 0xb513,
  0xb4f3, 0xa4b2, 0x8a69, 0x6022, 0x5022, 0x6043, 0x7063, 0x7063, 0x7064, 0x8083, 0x88a2, 0x7862,
  0x6822, 0x7945, 0xbd75, 0xce39, 0xce39, 0xce59, 0xce7a, 0xce7a, 0xa4d2, 0xbdb5, 0x62c9, 0xa4b3,
  0x8391, 0x4a28, 0x3184, 0x5268, 0xc617, 0xb575, 0x4227, 0x18c1, 0x0000, 0x0000, 0x0000, 0x0820,
  0x0840, 0x1040, 0x0820, 0x0840, 0x1060, 0x0840, 0x0820, 0x0840, 0x1040, 0x1060, 0x18a1, 0x2902,
  0x41a5, 0x5a67, 0x6ae9, 0x5a67, 0x3143, 0x1081, 0x0000, 0x0000, 0x0000, 0x0000, 0x0000, 0x41e8,
  0x83b0, 0xbd96, 0xef1b, 0xe6ba, 0xdeba, 0xde99, 0xde9a, 0xe6ba, 0xe6ba, 0xe6da, 0xe6da, 0xe6db,
  0xe6fb, 0xe6fb, 0xdedb, 0xdeba, 0xde9a, 0xd679, 0xd658, 0xce38, 0xce17, 0xce37, 0xd637, 0xd637,
  0xce17, 0xdedb, 0xf77e, 0xef5e, 0xef3d, 0xef3d, 0xef3d, 0xd69b, 0xa514, 0x83ef, 0x840f, 0xb575,
  0xb575, 0xd67a, 0xdedc, 0xb596, 0x738e, 0x5aca, 0x8c50, 0x9491, 0x7bce, 0x8c4f, 0xd657, 0xce57,
  0xc5f6, 0xc5d6, 0xbdb5, 0xb574, 0xb554, 0xb574, 0xb574, 0xb574, 0xb554, 0xb554, 0xb554, 0xad33,
  0xd65a, 0xde9b, 0xd639, 0xbd76, 0xa4b2, 0xa491, 0xb513, 0xb513, 0xacf3, 0xacd2, 0xa470, 0x7104,
  0x5802, 0x6043, 0x7043, 0x7063, 0x7064, 0x8063, 0x88a2, 0x7862, 0x6843, 0x70a2, 0xac71, 0xce39,
  0xce18, 0xce59, 0xce7a, 0xd6bb, 0xb575, 0x9470, 0x5268, 0x8c10, 0x83b1, 0x6b0c, 0x5247, 0x94b0,
  0xc616, 0xa533, 0x2944, 0x0000, 0x0861, 0x1061, 0x1061, 0x1061, 0x1041, 0x0820, 0x0000, 0x0000,
  0x1060, 0x1061, 0x1881, 0x1881, 0x1881, 0x1081, 0x1080, 0x0840, 0x0000, 0x0000, 0x0000, 0x0000,
  0x0000, 0x0000, 0x0000, 0x0000, 0x0000, 0x0000, 0x0000, 0x0000, 0x41c8, 0x7b6f, 0xbd96, 0xef3c,
  0xe6ba, 0xe6ba, 0xdeba, 0xe6da, 0xe6db, 0xe6fb, 0xe6fb, 0xe6fb, 0xe6fb, 0xe6fc, 0xe6fb, 0xdeba,
  0xde9a, 0xd679, 0xd658, 0xd658, 0xce37, 0xce17, 0xd637, 0xcdf7, 0xd69a, 0xf77e, 0xf77e, 0xef5e,
  0xef3d, 0xef3d, 0xe73d, 0xd6bb, 0xad34, 0x840f, 0x840f, 0xb575, 0xb575, 0xce7a, 0xe73d, 0xdebc,
  0xad76, 0x73ae, 0x6b4c, 0x8c50, 0x7bce, 0x8c4f, 0xd657, 0xce58, 0xce16, 0xc5d5, 0xbdb5, 0xb574,
  0xb554, 0xb554, 0xad53, 0xad54, 0xad34, 0xad33, 0xad13, 0xa512, 0xd65a, 0xdebb, 0xd639, 0xbd96,
  0xa4d2, 0xa491, 0xb513, 0xb513, 0xacf3, 0xacd2, 0xacf2, 0x932b, 0x6042, 0x6043, 0x6863, 0x7063,
  0x7063, 0x7863, 0x90a2, 0x8062, 0x7063, 0x7021, 0x8aca, 0xce18, 0xce39, 0xce7a, 0xd69a, 0xdedc,
  0xb596, 0x8c2f, 0x732b, 0x5a69, 0x9413, 0x6aed, 0x738c, 0xc616, 0xd678, 0x736c, 0x4207, 0x39c5,
  0x18a1, 0x1881, 0x1061, 0x0840, 0x0840, 0x1040, 0x0000, 0x0000, 0x0840, 0x0840, 0x1040, 0x1040,
  0x1040, 0x1060, 0x1060, 0x0840, 0x0840, 0x0820, 0x0020, 0x0000, 0x0000, 0x0000, 0x0000, 0x0000,
  0x0000, 0x0000, 0x0000, 0x0000, 0x0000, 0x4a29, 0x7b8f, 0xc5d7, 0xf73c, 0xe6da, 0xe6da, 0xe6db,
  0xe6fb, 0xeefb, 0xe6fb, 0xe6fb, 0xe6fb, 0xe6fb, 0xe6db, 0xdeba, 0xde99, 0xd679, 0xd678, 0xd658,
  0xd658, 0xd658, 0xce17, 0xd67a, 0xf77e, 0xf77e, 0xef5e, 0xef5e, 0xef3e, 0xef3d, 0xef3d, 0xdebb,
  0xad35, 0x8c30, 0x840f, 0xb575, 0xad54, 0xce39, 0xe71d, 0xe71d, 0xd6bb, 0xa555, 0x738d, 0x6b4c,
  0x7bad, 0x8c2f, 0xce37, 0xd658, 0xc616, 0xc5d5, 0xbdb5, 0xbd94, 0xb574, 0xb554, 0xad33, 0xad33,
  0xad13, 0xa512, 0xa4f2, 0xa4d2, 0xd67a, 0xde9b, 0xd639, 0xc5b6, 0xa4b2, 0x9c71, 0xb513, 0xb513,
  0xacf3, 0xacf2, 0xacd2, 0xac91, 0x7185, 0x6002, 0x6863, 0x7063, 0x7063, 0x7863, 0x88a2, 0x8082,
  0x7063, 0x7022, 0x7144, 0xbd75, 0xd67a, 0xd69a, 0xd69b, 0xe73d, 0x734d, 0x8c0f, 0x7b8d, 0x2904,
  0x8bf1, 0x732e, 0x83ce, 0xbdb5, 0xd679, 0x632c, 0x4227, 0x5ae9, 0x2102, 0x0820, 0x0820, 0x0000,
  0x0820, 0x1061, 0x0020, 0x0000, 0x0820, 0x0840, 0x0840, 0x0840, 0x0840, 0x0840, 0x0840, 0x0000,
  0x0000, 0x0000, 0x0020, 0x0020, 0x0000, 0x0000, 0x0000, 0x0000, 0x0000, 0x0820, 0x0841, 0x0000,
  0x0000, 0x0820, 0x62cc, 0x7b90, 0xd659, 0xef1c, 0xe6db, 0xe6fb, 0xe6fb, 0xe6fb, 0xe6fb, 0xe6fb,
  0xe6fb, 0xe6db, 0xdedb, 0xde9a, 0xde99, 0xd679, 0xd679, 0xd678, 0xd658, 0xce38, 0xce59, 0xef5e,
  0xf77e, 0xef5e, 0xef5e, 0xef5e, 0xef3e, 0xef3d, 0xef3d, 0xdebb, 0xad55, 0x8c30, 0x7bee, 0xad54,
  0xad54, 0xbdf7, 0xe6fd, 0xdefc, 0xe6fd, 0xd6bb, 0xa514, 0x6b4c, 0x5aca, 0x83ee, 0xce37, 0xce37,
  0xc5f6, 0xc5d6, 0xbdb5, 0xbd95, 0xb574, 0xb554, 0xad33, 0xad13, 0xa4f3, 0xa4f2, 0xa4d2, 0xa4d2,
  0xde7a, 0xde7b, 0xd639, 0xc5d7, 0xa4d2, 0x9c91, 0xb513, 0xb513, 0xb513, 0xad13, 0xacf3, 0xacf3,
  0x934c, 0x6882, 0x6843, 0x6863, 0x7063, 0x7063, 0x88a2, 0x8082, 0x7063, 0x7063, 0x6862, 0xa430,
  0xd69a, 0xd67a, 0xd6bb, 0xe637, 0x69e4, 0x49e7, 0x7b6c, 0x1881, 0x62ab, 0x83b1, 0x7b8e, 0xa4f2,
  0xad54, 0x9492, 0x8430, 0x4a48, 0x3184, 0x0860, 0x0000, 0x0020, 0x0840, 0x1081, 0x0000, 0x0000,
  0x0000, 0x0820, 0x0840, 0x0840, 0x0840, 0x0840, 0x0840, 0x0020, 0x0000, 0x0000, 0x0020, 0x0020,
  0x0020, 0x0000, 0x0000, 0x0000, 0x0000, 0x0000, 0x1082, 0x0841, 0x0000, 0x0000, 0x20e3, 0x734e,
  0x83f0, 0xe6fa, 0xeefb, 0xe6db, 0xe6db, 0xe6da, 0xe6da, 0xe6fb, 0xe6fb, 0xe6db, 0xdebb, 0xde9a,
  0xd69a, 0xde9a, 0xd679, 0xd679, 0xd679, 0xce39, 0xe71c, 0xf77e, 0xf77e, 0xf77e, 0xef5e, 0xef5e,
  0xef3d, 0xe73d, 0xe73d, 0xdedb, 0xad55, 0x83ef, 0x7bce, 0xad34, 0xad54, 0xb596, 0xdefc, 0xdefc,
  0xdedc, 0xdefc, 0xce7a, 0x9cd3, 0x5aca, 0x736c, 0xce17, 0xce37, 0xc5f6, 0xbdb5, 0xbdb5, 0xbdb5,
  0xbd94, 0xad53, 0xad13, 0xa512, 0xa4f2, 0xa4f2, 0xa4d2, 0x9cd2, 0xd659, 0xd65a, 0xd639, 0xcdf8,
  0xacd2, 0x9c71, 0xb513, 0xb513, 0xb513, 0xb513, 0xb513, 0xb4f3, 0xa450, 0x79a6, 0x6022, 0x6863,
  0x7063, 0x7063, 0x8882, 0x8882, 0x7863, 0x7863, 0x7021, 0x8aeb, 0xd67a, 0xd6bb, 0xde9a, 0xd3ca,
  0x9162, 0x2881, 0x5a69, 0x4185, 0x28e4, 0x8bd1, 0x7b2e, 0x9470, 0xa513, 0xbd96, 0xce39, 0xb596,
  0x31a5, 0x2123, 0x1081, 0x0820, 0x1061, 0x1061, 0x0000, 0x0000, 0x0000, 0x0820, 0x0820, 0x0840,
  0x0840, 0x0840, 0x0840, 0x0820, 0x0020, 0x0000, 0x0000, 0x0020, 0x0000, 0x0000, 0x0000, 0x0000,
  0x0000, 0x0000, 0x0000, 0x20e3, 0x0841, 0x0000, 0x0820, 0x4a08, 0x736f, 0xa4b3, 0xf73c, 0xe6da,
  0xe6da, 0xe6da, 0xe6da, 0xe6db, 0xe6db, 0xdedb, 0xdebb, 0xdebb, 0xdeba, 0xde9a, 0xd69a, 0xde9a,
  0xce59, 0xd6bb, 0xf77e, 0xef5e, 0xd67b, 0xd65a, 0xe6dc, 0xef3e, 0xef3e, 0xe71d, 0xe71c, 0xdebb,
  0xad55, 0x840f, 0x7bce, 0xa4f3, 0xad54, 0xad34, 0xd69b, 0xdedc, 0xdedc, 0xdedc, 0xdedc, 0xce5a,
  0x8c51, 0x736c, 0xc5d5, 0xc616, 0xc5d6, 0xbdb5, 0xbdb5, 0xbdb5, 0xb574, 0xb554, 0xad33, 0xad13,
  0xa4f2, 0xa4f2, 0xa4d2, 0x9cb1, 0xd5f8, 0xd65a, 0xd639, 0xce18, 0xacf3, 0x9c70, 0xacf3, 0xb513,
  0xb513, 0xb534, 0xb513, 0xb534, 0xa471, 0x932b, 0x68a3, 0x6843, 0x7063, 0x7063, 0x8083, 0x8882,
  0x7863, 0x7883, 0x7021, 0x81c7, 0xce39, 0xde59, 0xed10, 0xe40a, 0x91e4, 0x7ac9, 0x3103, 0x3985,
  0x20a2, 0x5a6b, 0x8bd0, 0x734d, 0x94b1, 0xb575, 0xb596, 0xe71c, 0xad35, 0x2103, 0x4227, 0x2964,
  0x1061, 0x0840, 0x0000, 0x0000, 0x0000, 0x0820, 0x0820, 0x0840, 0x0840, 0x0840, 0x0840, 0x0020,
  0x0000, 0x0020, 0x0000, 0x0020, 0x0000, 0x0000, 0x0000, 0x0000, 0x0000, 0x0000, 0x0020, 0x18c2,
  0x2924, 0x0820, 0x0000, 0x18a2, 0x734d, 0x732e, 0xce17, 0xeefb, 0xe6ba, 0xe6ba, 0xe6ba, 0xdedb,
  0xdedb, 0xdedb, 0xdebb, 0xdebb, 0xdebb, 0xd6bb, 0xde9a, 0xde9a, 0xce59, 0xe71c, 0xf77e, 0xef5e,
  0xc618, 0xbd15, 0xd5f8, 0xe71d, 0xe71d, 0xe6fc, 0xe6fc, 0xd69a, 0xa514, 0x83ef, 0x83ef, 0x9cd2,
  0xad54, 0x8c70, 0xa514, 0xb5b7, 0xbdd7, 0xd69b, 0xd6bc, 0xd6bc, 0xb596, 0x842f, 0xbd95, 0xc5f6,
  0xc5d6, 0xbdb5, 0xbdb5, 0xbd94, 0xb574, 0xb554, 0xb534, 0xad33, 0xad13, 0xa4f2, 0xa4d2, 0x9cb1,
  0xc472, 0xd619, 0xd639, 0xd619, 0xb514, 0x9c70, 0xacf3, 0xb513, 0xb513, 0xb534, 0xb534, 0xbd54,
  0x9c30, 0x9c0f, 0x8a89, 0x6822, 0x7063, 0x7063, 0x7863, 0x8882, 0x7863, 0x7863, 0x7862, 0x70e3,
  0xc4d1, 0xec6c, 0xec6c, 0xec8c, 0xc2e6, 0x8962, 0x2061, 0x838c, 0x5a49, 0x20a3, 0x732e, 0x7b4e,
  0x83cf, 0xa4f3, 0xad14, 0xad35, 0xd69b, 0x9cd3, 0x52aa, 0x3185, 0x1040, 0x0820, 0x0000, 0x0000,
  0x0000, 0x0820, 0x0840, 0x0840, 0x0840, 0x0840, 0x0841, 0x0020, 0x0000, 0x0000, 0x0000, 0x0000,
  0x0000, 0x0000, 0x0000, 0x0000, 0x0000, 0x0000, 0x0000, 0x2924, 0x3144, 0x3165, 0x0820, 0x0820,
  0x4a08, 0x7b8f, 0x8c10, 0xeefb, 0xe6ba, 0xe6ba, 0xe6ba, 0xdebb, 0xdeda, 0xdedb, 0xdedb, 0xdedb,
  0xdebb, 0xd6bb, 0xdebb, 0xdebb, 0xc618, 0xd69a, 0xe71d, 0xe71d, 0xef1d, 0xe6fd, 0xe6dc, 0xef5e,
  0xc618, 0xbdd8, 0xef3d, 0xd69a, 0xad55, 0x8430, 0x83ef, 0x9cb2, 0xb575, 0x9491, 0xa535, 0xc619,
  0xbdd8, 0xd69b, 0xdedc, 0xdedc, 0xc65a, 0x9491, 0xb574, 0xc5d6, 0xbdb5, 0xbdb5, 0xbd95, 0xb574,
  0xb554, 0xad53, 0xb554, 0xad33, 0xad12, 0xa4f2, 0xa4b2, 0x9c91, 0x91a6, 0xc4d3, 0xde5a, 0xce39,
  0xb534, 0x9c70, 0xacf2, 0xb513, 0xb513, 0xb513, 0xb534, 0xbd55, 0x9c30, 0x9c0f, 0xa450, 0x7965,
  0x7023, 0x7863, 0x7863, 0x8882, 0x8082, 0x7882, 0x7801, 0x9164, 0xe46c, 0xec8c, 0xec8c, 0xf48c,
  0xdba9, 0xca84, 0x6102, 0x93ef, 0x93ee, 0x3945, 0x28c3, 0x7b4e, 0x72ec, 0x83ef, 0xa513, 0x6b2d,
  0x526b, 0xbdf8, 0x6b2d, 0x2103, 0x1061, 0x0000, 0x0000, 0x0000, 0x0000, 0x0840, 0x1061, 0x1041,
  0x0840, 0x0841, 0x0840, 0x0020, 0x0000, 0x0000, 0x0000, 0x0000, 0x0000, 0x0000, 0x0000, 0x0000,
  0x0000, 0x0000, 0x0000, 0x18c2, 0x3165, 0x3986, 0x3165, 0x1041, 0x20e3, 0x7b6e, 0x6b0e, 0xcdf7,
  0xe6db, 0xdeba, 0xdeba, 0xdeba, 0xdebb, 0xdebb, 0xdedb, 0xdedb, 0xd6bb, 0xd6bb, 0xd6bb, 0xdedb,
  0xb596, 0x8410, 0x8c30, 0x8c30, 0x8c51, 0x8c72, 0xce3a, 0xf79f, 0x9cb2, 0x9492, 0xef3d, 0xe6fc,
  0xb596, 0x8c51, 0x7bce, 0x8c30, 0x9491, 0x840f, 0x9cd3, 0xc619, 0xbdf8, 0xbdd8, 0xb5b7, 0xb597,
  0xad56, 0x7bce, 0xad33, 0xbdb6, 0xbd95, 0xb574, 0xb574, 0xb554, 0xad34, 0xad33, 0xad13, 0xad13,
  0xa4d2, 0x9cb1, 0x9c91, 0x9c91, 0x7841, 0x9227, 0xd5b7, 0xd619, 0xbd75, 0xa471, 0xacf2, 0xb513,
  0xb513, 0xb513, 0xb534, 0xbd55, 0x9c50, 0x93ce, 0xacd2, 0x9b8d, 0x7082, 0x7863, 0x7863, 0x88a2,
  0x8062, 0x7841, 0xa1e5, 0xe44c, 0xf4ad, 0xecad, 0xec8d, 0xec2b, 0xdbaa, 0xcaa5, 0xa1a1, 0x6a09,
  0xa4b0, 0x62a9, 0x1821, 0x4186, 0x834e, 0x6aaa, 0x83ef, 0x9471, 0x5a8a, 0x9cb3, 0x94b3, 0x52a9,
  0x2103, 0x0000, 0x0000, 0x0000, 0x0000, 0x0840, 0x1061, 0x1061, 0x1041, 0x0840, 0x0840, 0x0820,
  0x0020, 0x0020, 0x0000, 0x0000, 0x0000, 0x0000, 0x0000, 0x0000, 0x0000, 0x0000, 0x0000, 0x0000,
  0x39a6, 0x2944, 0x4a07, 0x3124, 0x1881, 0x62cb, 0x6b2e, 0x9c72, 0xeefa, 0xde9a, 0xdeba, 0xdeba,
  0xdeba, 0xdebb, 0xdeba, 0xdebb, 0xd6bb, 0xd6bb, 0xdedb, 0xd6bb, 0xce5a, 0xd67a, 0xd67a, 0xce39,
  0xb596, 0xad35, 0xd69b, 0xce59, 0x8c51, 0xa513, 0xdebb, 0xe6fc, 0xbdb6, 0x8c50, 0x73ad, 0x738d,
  0x31a5, 0x2943, 0x2964, 0x5269, 0x630c, 0x5acb, 0x5aeb, 0x630c, 0x5aec, 0x52aa, 0xa4d2, 0xbdb5,
  0xb574, 0xb574, 0xb554, 0xb554, 0xad33, 0xad33, 0xa513, 0xa4d2, 0x9cb1, 0x9c91, 0x9c91, 0x9471,
  0x7862, 0x7862, 0xab2c, 0xcdb7, 0xc596, 0xa491, 0xacf2, 0xb513, 0xb4f3, 0xacf3, 0xb534, 0xbd55,
  0xa450, 0x8bad, 0xacb1, 0xacb2, 0x92a9, 0x7841, 0x7863, 0x8041, 0x90e2, 0xc328, 0xf4ed, 0xecad,
  0xec8c, 0xec6c, 0xec8c, 0xec4b, 0xe3ca, 0xd328, 0xc284, 0x68e2, 0x9410, 0xa4b1, 0x28e3, 0x5a69,
  0x5249, 0x7b0d, 0x6269, 0x840f, 0x9471, 0x9cd3, 0x8c51, 0x4227, 0x1081, 0x0000, 0x0000, 0x0000,
  0x0000, 0x0820, 0x1061, 0x0840, 0x0840, 0x0820, 0x0820, 0x0820, 0x0020, 0x0000, 0x0000, 0x0000,
  0x0000, 0x0000, 0x0000, 0x0000, 0x0000, 0x0000, 0x0861, 0x2943, 0x4209, 0x41e6, 0x39c6, 0x5aaa,
  0x2904, 0x5248, 0x734f, 0x7b6e, 0xe6ba, 0xde9a, 0xde9a, 0xde9a, 0xde9a, 0xdeba, 0xdeba, 0xde9a,
  0xd6bb, 0xd6bb, 0xdedb, 0xd6bb, 0xd69b, 0xdedb, 0xe6fc, 0xe71d, 0xe6fc, 0xe73d, 0xef5e, 0xa4f4,
  0x8c50, 0xad34, 0xd69a, 0xdedb, 0xbdb6, 0x8c50, 0x630c, 0x6b2c, 0x62eb, 0x8c30, 0x7bce, 0x9cd3,
  0xce7b, 0xc639, 0xce7b, 0xce7b, 0xce5b, 0xad56, 0xa4f2, 0xbd95, 0xb554, 0xb554, 0xb554, 0xb554,
  0xb554, 0xad33, 0xa4f2, 0x9cb2, 0x9c91, 0x9c91, 0x9c91, 0x9471, 0x7063, 0x8083, 0x88e2, 0xab8d,
  0xc555, 0xacd2, 0xacd2, 0xb513, 0xb4f3, 0xacf3, 0xbd55, 0xbd75, 0xa471, 0x8bad, 0xa471, 0xacb2,
  0xb4d2, 0x91e6, 0x7821, 0xaa06, 0xe42b, 0xecac, 0xec4c, 0xec6c, 0xec6c, 0xec8d, 0xec4c, 0xec4b,
  0xebea, 0xdb68, 0xdb28, 0xb224, 0x5125, 0x9c2f, 0x6aca, 0x5207, 0x3124, 0x5a6a, 0x834e, 0x5a49,
  0x83ce, 0x9cd2, 0x6b2c, 0x39c6, 0x0840, 0x0840, 0x0000, 0x0020, 0x0820, 0x0840, 0x1061, 0x1041,
  0x1041, 0x0840, 0x0820, 0x0000, 0x0000, 0x0000, 0x0000, 0x0000, 0x0000, 0x0000, 0x0000, 0x0000,
  0x0000, 0x1082, 0x7bce, 0x52a9, 0x4209, 0x5aca, 0x41c6, 0x6b0c, 0x5249, 0x5248, 0x83b0, 0x628b,
  0xd595, 0xe6fb, 0xdeba, 0xde9a, 0xde9a, 0xde9a, 0xde9a, 0xd69a, 0xd6bb, 0xdedb, 0xdedb, 0xd6db,
  0xd6bb, 0xd69a, 0xd67a, 0xd67a, 0xd659, 0xde9a, 0xc619, 0x840f, 0x8c50, 0x9471, 0xc5f8, 0xdebb,
  0xb596, 0x9471, 0x4207, 0x5aaa, 0x6b2b, 0x9cb2, 0x9491, 0xa4f3, 0xce5a, 0xad56, 0x9492, 0x8c31,
  0x6b6d, 0x6b4c, 0xad13, 0xb574, 0xb554, 0xb554, 0xb554, 0xb554, 0xb553, 0xad13, 0xa4d2, 0x9cb2,
  0x9c91, 0x9491, 0x9471, 0x9471, 0x7863, 0x8083, 0x8882, 0x78e3, 0xac0f, 0xacd2, 0xa4b1, 0xacf3,
  0xb4f3, 0xacf3, 0xbd75, 0xbd75, 0xa491, 0x8bad, 0x9c0f, 0xac91, 0xbd54, 0xac10, 0xaa87, 0xec4b,
  0xec4b, 0xec2b, 0xec2b, 0xf4ad, 0xec6c, 0xec0b, 0xec4c, 0xec0b, 0xebea, 0xe3a9, 0xd2a6, 0xe2e6,
  0x8983, 0x51c8, 0x6a68, 0x28a1, 0x51e7, 0x49e7, 0x730c, 0x93d0, 0x5a28, 0x734c, 0x9cb2, 0xa535,
  0x4206, 0x2102, 0x0820, 0x0000, 0x1040, 0x1061, 0x1061, 0x1040, 0x0840, 0x0800, 0x0000, 0x0000,
  0x0000, 0x0000, 0x0000, 0x0000, 0x0020, 0x0000, 0x0000, 0x0000, 0x0000, 0x5269, 0x630b, 0x4a69,
  0x39c9, 0x6b4c, 0x5248, 0x5aaa, 0x83ae, 0x62ca, 0x83b0, 0x5a4a, 0xc349, 0xdd11, 0xde79, 0xdedb,
  0xde9a, 0xde9a, 0xd67a, 0xd69a, 0xdebb, 0xdedb, 0xdedb, 0xdedb, 0xd6bb, 0xd6ba, 0xd69a, 0xd679,
  0xd659, 0xd659, 0x9c92, 0x7bce, 0x8c2f, 0x6b2b, 0xa4f3, 0xe6fc, 0xbdb7, 0x8c50, 0x3185, 0x2944,
  0x2924, 0x31a5, 0x734c, 0xb554, 0xb554, 0x630b, 0x4a27, 0x5288, 0x4206, 0x5288, 0xad13, 0xb574,
  0xb554, 0xb554, 0xb554, 0xad33, 0xad33, 0xa4f2, 0x9cb1, 0x9c91, 0x9c91, 0x9471, 0x9470, 0x9450,
  0x7863, 0x7863, 0x88a2, 0x7841, 0x8965, 0xa40f, 0xa4b1, 0xacd2, 0xb513, 0xacf3, 0xc596, 0xbd75,
  0xa4b1, 0x93ce, 0x93ee, 0xac91, 0xbd34, 0xd4d0, 0xec6c, 0xec0b, 0xe40a, 0xec6c, 0xec0b, 0xe40b,
  0xf4cd, 0xec2b, 0xec0b, 0xe40a, 0xe3c9, 0xe3a9, 0xe389, 0xd2a6, 0xe306, 0x7983, 0x730c, 0x49a5,
  0x2881, 0x3944, 0x41c6, 0x6acb, 0x93f0, 0x5a49, 0x5248, 0x9471, 0x9cd3, 0x2943, 0x18e1, 0x1881,
  0x1061, 0x1061, 0x1060, 0x2943, 0x39c6, 0x3185, 0x0861, 0x0000, 0x0000, 0x0000, 0x0000, 0x0000,
  0x0000, 0x0000, 0x0000, 0x0000, 0x0000, 0x10a1, 0x2964, 0x52ac, 0x420a, 0x738c, 0x62ea, 0x5aaa,
  0x9c92, 0x734d, 0x734e, 0x5a4a, 0xab09, 0xdb89, 0xd3cb, 0xd533, 0xde9a, 0xde9a, 0xde9a, 0xd6bb,
  0xdedb, 0xdefc, 0xdedb, 0xdedb, 0xd6ba, 0xd69a, 0xd67a, 0xd659, 0xd679, 0xbdb6, 0x7bce, 0x7bad,
  0x6b4b, 0x8410, 0x632c, 0x83ef, 0x7bae, 0x8c50, 0x2944, 0x0000, 0x0000, 0x0000, 0x5269, 0xc5b5,
  0xb554, 0x83ee, 0x7bad, 0x7bad, 0x6b2b, 0x6b2b, 0xad13, 0xb574, 0xb554, 0xb554, 0xad33, 0xad13,
  0xa4f3, 0xa4d2, 0x9cb2, 0x9c91, 0x9471, 0x9450, 0x9450, 0x9450, 0x7063, 0x8083, 0x8882, 0x7882,
  0x7841, 0x81e6, 0xa450, 0xacd2, 0xb513, 0xb4f3, 0xc596, 0xbd75, 0xacb1, 0x93ce, 0x93ce, 0xa471,
  0xd4af, 0xec4b, 0xec2b, 0xec6c, 0xec4c, 0xec4b, 0xec2b, 0xe389, 0xec4b, 0xf4ad, 0xec0b, 0xec0b,
  0xdb89, 0xebca, 0xebca, 0xd308, 0xc225, 0xdac6, 0x8226, 0x6289, 0x1820, 0x2020, 0x3123, 0x3985,
  0x628a, 0x93d0, 0x6a6a, 0x3965, 0x7bae, 0x738d, 0x39e6, 0x4a47, 0x20e2, 0x2943, 0x4227, 0x4207,
  0x39e7, 0x39e6, 0x1081, 0x0000, 0x0020, 0x10a1, 0x18e2, 0x18a2, 0x0861, 0x1081, 0x0020, 0x0000,
  0x0000, 0x2945, 0x738e, 0x6b4f, 0x5aab, 0x7bcd, 0x630a, 0x5269, 0xad14, 0x7b6d, 0x6aed, 0x524a,
  0x8ac8, 0xdb89, 0xd369, 0xd348, 0xd48f, 0xdeba, 0xde9a, 0xde9a, 0xdedb, 0xdedb, 0xdedb, 0xdebb,
  0xd6ba, 0xd69a, 0xd679, 0xd659, 0xd659, 0x9c91, 0x7bad, 0x52a8, 0x5268, 0x7bf0, 0x18c2, 0x0000,
  0x18c3, 0x9472, 0x39a6, 0x0000, 0x0020, 0x0000, 0x5268, 0xbd95, 0xb554, 0x83ee, 0x738d, 0x738d,
  0x632b, 0x630b, 0xa4f2, 0xb554, 0xad34, 0xad33, 0xad13, 0xa4f3, 0xa4d2, 0xa4d2, 0x9cb2, 0x9cb2,
  0x9471, 0x9450, 0x8c30, 0x8c30, 0x7063, 0x8082, 0x8082, 0x7863, 0x8082, 0x6842, 0x8aa9, 0xacb2,
  0xb4f3, 0xb513, 0xbd34, 0xbd55, 0xacb1, 0x93ce, 0x93ce, 0xbc4e, 0xec6c, 0xecad, 0xec6c, 0xec4b,
  0xec4b, 0xec6c, 0xec6c, 0xe389, 0xe369, 0xec6c, 0xec4c, 0xec0b, 0xdb89, 0xe389, 0xeba9, 0xe388,
  0xd2e6, 0x9943, 0xcae7, 0x7247, 0x41a7, 0x6185, 0x3040, 0x28a1, 0x28a2, 0x3124, 0x730c, 0x72ec,
  0x3924, 0x4a07, 0x7baf, 0x8c50, 0x73ad, 0xc618, 0xd69b, 0x8c72, 0x4a29, 0x10a2, 0x10a2, 0x0820,
  0x0020, 0x2103, 0x39c6, 0x39c6, 0x39c6, 0x4228, 0x3185, 0x0000, 0x0020, 0x6b2d, 0x7bd1, 0x5aad,
  0x736d, 0x8c2f, 0x6b2b, 0x4a08, 0xa4d3, 0x730d, 0x62ac, 0x5208, 0x9ae8, 0xdb69, 0xd38a, 0xd369,
  0xdba9, 0xdcd0, 0xde9a, 0xdedb, 0xdebb, 0xdedb, 0xdedb, 0xdebb, 0xdebb, 0xd69a, 0xd67a, 0xd679,
  0xc5d6, 0x7bce, 0x6b4c, 0x4206, 0x736d, 0x630c, 0x0820, 0x0000, 0x0820, 0x2945, 0x1081, 0x0020,
  0x0000, 0x0000, 0x5248, 0xbd75, 0xb554, 0x83ce, 0x736c, 0x738d, 0x630b, 0x630a, 0xa4d2, 0xb554,
  0xad13, 0xad13, 0xa4f3, 0xa4f2, 0xa4d2, 0xa4b2, 0x9cb2, 0x9cb2, 0x9c91, 0x9471, 0x9450, 0x8c30,
  0x7063, 0x8062, 0x8082, 0x7862, 0x8882, 0x7043, 0x68a3, 0x93ad, 0xacf3, 0xacd2, 0xb513, 0xbd34,
  0xac91, 0x93ee, 0x9bad, 0xd3aa, 0xec4b, 0xec4c, 0xec4b, 0xec6c, 0xf4cd, 0xec6c, 0xec6c, 0xec0b,
  0xdb27, 0xe3a9, 0xec6c, 0xec4c, 0xe3ca, 0xd327, 0xebea, 0xe347, 0xc266, 0x8062, 0xd2a5, 0xc2c6,
  0x4944, 0x522b, 0x6186, 0x2840, 0x2081, 0x30e2, 0x3103, 0x49c7, 0x5a6a, 0x4186, 0x3124, 0x62aa,
  0xbdb6, 0xe73d, 0xdedc, 0xd6bc, 0xbdf9, 0x736e, 0x738e, 0x6b4e, 0x8410, 0x6b6e, 0x528a, 0x3186,
  0x2944, 0x2945, 0x2945, 0x0000, 0x0000, 0x3186, 0x62ed, 0x6b2c, 0x7bae, 0x840e, 0x41e7, 0x5a69,
  0x8bf0, 0x628c, 0x5a2a, 0x4185, 0xab08, 0xdb69, 0xd369, 0xd348, 0xe3ea, 0xe40b, 0xdc4d, 0xde17,
  0xdedc, 0xdebb, 0xdedb, 0xdebb, 0xd69a, 0xd69a, 0xd679, 0xd679, 0x9cb1, 0x736c, 0x5268, 0x5268,
  0xa514, 0x9cd4, 0x5aab, 0x39c7, 0x4a49, 0x0000, 0x1082, 0x5289, 0x0020, 0x0000, 0x4a27, 0xb575,
  0xa4d2, 0x738d, 0x7bae, 0x7bce, 0x632b, 0x5aca, 0x9450, 0xad34, 0xad13, 0xad13, 0xa4f3, 0xa4d2,
  0xa4d2, 0x9cb2, 0x9cb2, 0x9c91, 0x9c71, 0x9471, 0x9450, 0x8c30, 0x7063, 0x7863, 0x7862, 0x8062,
  0x8882, 0x7863, 0x6022, 0x71a5, 0xa471, 0xacd2, 0xb513, 0xb513, 0xac91, 0x9c2f, 0xb36a, 0xdb68,
  0xec2b, 0xe3a9, 0xdb48, 0xdb27, 0xe3ca, 0xec8c, 0xec8c, 0xec0a, 0xe389, 0xdb27, 0xebea, 0xec6c,
  0xec4c, 0xd2e6, 0xe3a9, 0xe388, 0xdae6, 0xcaa5, 0xd285, 0xd2a5, 0xbaa5, 0x50e2, 0x51e9, 0x59c8,
  0x2040, 0x2861, 0x2081, 0x2061, 0x28e3, 0x3145, 0x4186, 0x3925, 0x3944, 0x62aa, 0x9471, 0xbdd7,
  0xa535, 0x8c51, 0x7baf, 0x9cd4, 0xd6bc, 0xd6dc, 0xbdf8, 0x8431, 0x9493, 0x8c72, 0x6b4e, 0x41e7,
  0x1060, 0x39a6, 0x6b0b, 0x6b4c, 0x8c2f, 0x6b2b, 0x1061, 0x6acc, 0x62cd, 0x5a6c, 0x3924, 0x6247,
  0xcb49, 0xd348, 0xcb28, 0xd369, 0xe3ca, 0xec4c, 0xdbca, 0xe42b, 0xde17, 0xdedb, 0xde9a, 0xd69a,
  0xd69a, 0xd679, 0xd679, 0xc5f7, 0x83ce, 0x62e9, 0x4206, 0x8c50, 0xce59, 0xc619, 0xbdb7, 0x8410,
  0x736e, 0x2123, 0x41e6, 0x7bcf, 0x0040, 0x0000, 0x4207, 0xb554, 0x83ee, 0x630b, 0x7b8d, 0x736c,
  0x62eb, 0x5268, 0x62ea, 0xa4f3, 0xad34, 0xad13, 0xa4f3, 0xa4d2, 0x9cb2, 0x9cb2, 0x9c91, 0x9c91,
  0x9471, 0x9471, 0x9450, 0x8c30, 0x7063, 0x7063, 0x7863, 0x8082, 0x8882, 0x7863, 0x6043, 0x6042,
  0x930a, 0xb4f3, 0xb513, 0xb4f2, 0xacb2, 0xac2f, 0xd348, 0xdb69, 0xe3a9, 0xe3a9, 0xdb28, 0xdac6,
  0xd2c6, 0xe389, 0xec6c, 0xec6c, 0xebca, 0xdb07, 0xdb07, 0xebea, 0xec4c, 0xd327, 0xdb27, 0xebca,
  0xe348, 0xe389, 0xd2c6, 0xca24, 0xd264, 0xdb48, 0x89e4, 0x4126, 0x3947, 0x2881, 0x2040, 0x2040,
  0x28a2, 0x0800, 0x1000, 0x38e3, 0x4966, 0x3945, 0x3144, 0x41c6, 0x5a8a, 0x738d, 0x83ef, 0x9cd3,
  0xad76, 0xad76, 0x8431, 0x94b3, 0xc65a, 0xc619, 0xbdf8, 0x8c71, 0x5aca, 0x6b2c, 0x630b, 0x736d,
  0x630b, 0x18c2, 0x3987, 0x5a8b, 0x524b, 0x4125, 0x38a2, 0x79c4, 0xba64, 0xcb28, 0xcb08, 0xdb89,
  0xe3ca, 0xe42b, 0xe3eb, 0xdbca, 0xcbcb, 0xde38, 0xde9a, 0xd679, 0xd679, 0xd659, 0xde79, 0xb554,
  0x734c, 0x4a27, 0x7b8d, 0xcdf7, 0xce38, 0xce39, 0xad35, 0x630b, 0x4207, 0x62ea, 0x9c91, 0x83ef,
  0x0840, 0x0000, 0x41e7, 0xb554, 0x9491, 0x7bce, 0x6b4c, 0x630b, 0x5aea, 0x5289, 0x5289, 0x9c91,
  0xad13, 0xa513, 0xa4f3, 0xa4f3, 0xa4d2, 0x9cb2, 0x9c91, 0x9471, 0x9450, 0x9450, 0x9430, 0x8c10,
  0x7863, 0x7063, 0x7862, 0x8882, 0x8082, 0x7063, 0x6843, 0x5802, 0x7104, 0xac2f, 0xb513, 0xb4d2,
  0xacd2, 0xbc0d, 0xe3aa, 0xe38a, 0xe389, 0xe389, 0xe389, 0xe368, 0xdb07, 0xdae6, 0xe3a9, 0xec6c,
  0xebea, 0xe389, 0xdae6, 0xe307, 0xec0a, 0xe3ca, 0xe389, 0xe3a9, 0xebca, 0xe368, 0xe3a9, 0xca85,
  0xca23, 0xca85, 0xe368, 0xaa24, 0x50e3, 0x3927, 0x3105, 0x1020, 0x0000, 0x0000, 0x0820, 0x2040,
  0x4881, 0x60e3, 0x5945, 0x4124, 0x28e3, 0x2904, 0x3986, 0x526a, 0x6b0c, 0x7bae, 0x83ef, 0x8410,
  0x9471, 0x9cd2, 0xa513, 0x9cb2, 0x7bae, 0x6b4c, 0x62ca, 0x5269, 0x3966, 0x4a09, 0x5a8c, 0x4a0a,
  0x4104, 0x2000, 0x5103, 0x6860, 0xa223, 0xcb07, 0xcb07, 0xdb89, 0xe3ca, 0xe3ca, 0xe3ca, 0xcb28,
  0xba84, 0xcc6f, 0xde9a, 0xde59, 0xd679, 0xd659, 0xde79, 0xacf2, 0x4a47, 0x6b0b, 0xc5b6, 0xd638,
  0xd638, 0xa4d2, 0x6b0b, 0x39a5, 0x0000, 0x5269, 0xcdf7, 0x8c30, 0x0841, 0x0000, 0x41c6, 0xb554,
  0xb575, 0x9451, 0x5289, 0x39a5, 0x2123, 0x5aa9, 0x9451, 0xa4d3, 0xa4f3, 0xa4f3, 0xa4f3, 0xa4f3,
  0xa4d2, 0x9cb2, 0x9c92, 0x9471, 0x9450, 0x9430, 0x8c30, 0x8c0f, 0x7862, 0x7063, 0x8082, 0x88a3,
  0x8082, 0x7063, 0x6043, 0x5022, 0x6022, 0x8a07, 0xb4b1, 0xacd2, 0xbc91, 0xe40c, 0xec0c, 0xec0c,
  0xec2d, 0xec0c, 0xebec, 0xebeb, 0xebeb, 0xe3aa, 0xe3eb, 0xec6d, 0xec2c, 0xe389, 0xe389, 0xdac6,
  0xe348, 0xe3ca, 0xe3c9, 0xe368, 0xe3a9, 0xebca, 0xe389, 0xdb68, 0xc224, 0xca43, 0xd2c6, 0xebca,
  0xd307, 0x7942, 0x40c4, 0x3926, 0x28c4, 0x0820, 0x0000, 0x0800, 0x1040, 0x2840, 0x4880, 0x60c1,
  0x6103, 0x5165, 0x4186, 0x4187, 0x3987, 0x3966, 0x3966, 0x41c8, 0x4a09, 0x5249, 0x526a, 0x524a,
  0x4a29, 0x4a09, 0x49e9, 0x41e9, 0x524b, 0x522a, 0x5186, 0x48a1, 0x1800, 0x20a1, 0x5081, 0x6880,
  0xb264, 0xcac6, 0xcae6, 0xdb69, 0xe3ea, 0xe3a9, 0xe3a9, 0xc2e6, 0xb264, 0xc307, 0xddf6, 0xde79,
  0xd658, 0xd638, 0xde79, 0xa4b2, 0x5247, 0xb513, 0xcdd6, 0xbd75, 0xb554, 0x8c0f, 0x7b6d, 0x62ea,
  0x4a27, 0x62ea, 0x9c91, 0x736d, 0x1062, 0x0000, 0x20e3, 0x83ce, 0x9451, 0x736d, 0x5a8a, 0x18c1,
  0x0000, 0x2944, 0x9c71, 0x9c91, 0x9451, 0x8c30, 0x9471, 0x9471, 0x9471, 0x9471, 0x9450, 0x8c30,
  0x8c30, 0x8c0f, 0x8c0f, 0x8c0f, 0x7862, 0x7063, 0x8082, 0x90a3, 0x8082, 0x7063, 0x6043, 0x4822,
  0x6843, 0x7042, 0x9aea, 0xb4d2, 0xd3ac, 0xe349, 0xe3ab, 0xebab, 0xebcb, 0xeb8a, 0xeb6a, 0xeb8a,
  0xeb6a, 0xe36a, 0xebab, 0xe3aa, 0xe3cb, 0xe3ca, 0xe348, 0xe368, 0xdac6, 0xe389, 0xe3a9, 0xe3a9,
  0xe348, 0xebca, 0xe3a9, 0xe3a9, 0xcaa6, 0xc223, 0xdac6, 0xd2a6, 0xe327, 0xeb89, 0x91a3, 0x3081,
  0x38e5, 0x4146, 0x28e4, 0x1040, 0x0800, 0x0000, 0x0800, 0x1840, 0x2840, 0x4040, 0x3881, 0x3903,
  0x4986, 0x5208, 0x628a, 0x5a6a, 0x49e8, 0x4a09, 0x49e8, 0x49c8, 0x49e9, 0x4a09, 0x5209, 0x59c7,
  0x6165, 0x60e2, 0x4060, 0x1000, 0x1061, 0x50e2, 0x5001, 0x8101, 0xba84, 0xc2a5, 0xcae6, 0xd2e6,
  0xe3aa, 0xdb89, 0xdb69, 0xcb07, 0xb243, 0xcae6, 0xdcf1, 0xde79, 0xd658, 0xd638, 0xd658, 0xc595,
  0x9c50, 0xa4b1, 0x944f, 0x8c0e, 0x8bee, 0x736c, 0x62c9, 0x62a9, 0x6b0b, 0x734c, 0x7b8d, 0x5269,
  0x1082, 0x0000, 0x0840, 0x5248, 0x736e, 0x7baf, 0x736d, 0x5248, 0x3164, 0x31a5, 0x6b0b, 0x7bce,
  0x7b8d, 0x62eb, 0x3185, 0x2965, 0x3185, 0x3185, 0x3185, 0x3185, 0x3985, 0x31a5, 0x39a5, 0x39a6,
  0x7863, 0x7863, 0x88a3, 0x90a3, 0x7862, 0x7063, 0x6043, 0x4822, 0x6863, 0x7043, 0x78e3, 0xb36c,
  0xdb4a, 0xe36a, 0xe38a, 0xe38a, 0xe38a, 0xeb8a, 0xebaa, 0xebab, 0xeb8a, 0xe329, 0xe308, 0xe328,
  0xebeb, 0xec4b, 0xdb48, 0xe368, 0xe347, 0xe327, 0xe389, 0xe3c9, 0xdb07, 0xe369, 0xebca, 0xe389,
  0xdb47, 0xc224, 0xdae7, 0xe348, 0xe348, 0xe368, 0xdb27, 0x9a24, 0x2880, 0x2041, 0x30e4, 0x3925,
  0x3104, 0x2082, 0x1020, 0x0000, 0x0000, 0x0800, 0x1020, 0x1840, 0x2040, 0x38e3, 0x5a28, 0x49e7,
  0x4944, 0x5185, 0x59e7, 0x5a28, 0x59e7, 0x4965, 0x48c2, 0x4880, 0x3040, 0x1000, 0x0000, 0x0840,
  0x40c2, 0x4801, 0x5861, 0xaa03, 0xb202, 0xc2a5, 0xd307, 0xd2e7, 0xdb48, 0xdb89, 0xdb48, 0xc2c6,
  0xba64, 0xdb68, 0xdc6d, 0xde59, 0xd659, 0xd638, 0xd638, 0xcdd6, 0x8bee, 0x6ac9, 0x732b, 0x7b6d,
  0x7b8d, 0x5248, 0x2922, 0x20c1, 0x18a1, 0x41e6, 0x7bae, 0x5aaa, 0x18a2, 0x0000, 0x20e3, 0x6b2c,
  0x736d, 0x7b8d, 0x7bae, 0x7bae, 0x7bce, 0x7bae, 0x7b8e, 0x736d, 0x6b0c, 0x4a28, 0x0820, 0x0000,
  0x0000, 0x0000, 0x0000, 0x0000, 0x0000, 0x0000, 0x0000, 0x0000, 0x7863, 0x7863, 0x88a3, 0x88a3,
  0x7863, 0x7063, 0x6043, 0x4822, 0x6843, 0x7064, 0x7043, 0xbaa8, 0xe38b, 0xe38a, 0xe329, 0xe309,
  0xe329, 0xe369, 0xebcb, 0xebcb, 0xebcb, 0xeb8a, 0xe308, 0xe329, 0xec0b, 0xec4b, 0xe389, 0xdb07,
  0xe348, 0xe327, 0xe368, 0xe368, 0xdb07, 0xe368, 0xe389, 0xe369, 0xe348, 0xd2e6, 0xca65, 0xdb27,
  0xc204, 0xa963, 0xa9a3, 0xc244, 0xaa03, 0x48c1, 0x2040, 0x2040, 0x2882, 0x3904, 0x4165, 0x3944,
  0x28c3, 0x1040, 0x0800, 0x0800, 0x2000, 0x3061, 0x28a2, 0x2081, 0x3061, 0x4082, 0x50a2, 0x58c2,
  0x3081, 0x0800, 0x0800, 0x0000, 0x0000, 0x0820, 0x1020, 0x3061, 0x4820, 0x68c1, 0xa9e2, 0xb1c1,
  0xa9e2, 0xcac6, 0xd2e7, 0xdb28, 0xdb28, 0xdba9, 0xcae7, 0xc285, 0xba44, 0xe389, 0xdc0b, 0xd5f6,
  0xd659, 0xd638, 0xd638, 0xacf3, 0x49c4, 0x30c0, 0x3901, 0x3143, 0x4185, 0x4186, 0x3985, 0x28e2,
  0x1020, 0x28e2, 0x5aa9, 0x41e6, 0x1040, 0x0000, 0x18c2, 0x62ca, 0x5aaa, 0x5269, 0x4a28, 0x4207,
  0x41c6, 0x39a6, 0x2944, 0x18c3, 0x0861, 0x0000, 0x0000, 0x0000, 0x0000, 0x0000, 0x0000, 0x0000,
  0x0000, 0x0000, 0x0000, 0x0000, 0x7863, 0x7862, 0x90c3, 0x88a3, 0x7863, 0x7063, 0x6043, 0x4822,
  0x6863, 0x7043, 0x8905, 0xdb8a, 0xe38a, 0xe308, 0xdac7, 0xdac8, 0xdac7, 0xdac7, 0xe349, 0xebaa,
  0xebcb, 0xebcb, 0xe38a, 0xe3aa, 0xec4b, 0xec4b, 0xe388, 0xd2e6, 0xe348, 0xe348, 0xe328, 0xe368,
  0xdae7, 0xe348, 0xe3aa, 0xe369, 0xe348, 0xe327, 0xdae6, 0xd307, 0xb1a3, 0xa123, 0xb204, 0xba45,
  0xc264, 0xb223, 0x70e1, 0x3881, 0x2040, 0x2040, 0x2061, 0x30c2, 0x4165, 0x49c6, 0x41a5, 0x3944,
  0x4924, 0x40e3, 0x28c2, 0x1860, 0x2840, 0x4840, 0x6061, 0x5061, 0x1840, 0x0820, 0x1020, 0x1040,
  0x1040, 0x0800, 0x5881, 0x8922, 0x99a2, 0xba01, 0xb1c1, 0xa180, 0xc264, 0xcae6, 0xd307, 0xdb48,
  0xe328, 0xe3a9, 0xcae6, 0xb223, 0xc285, 0xe389, 0xdba9, 0xdd70, 0xd637, 0xd5f7, 0xd5f7, 0xbd54,
  0x7b4b, 0x3922, 0x28a0, 0x28c1, 0x3944, 0x522a, 0x522a, 0x4185, 0x20c2, 0x1040, 0x1040, 0x1020,
  0x0000, 0x0000, 0x0000, 0x0020, 0x0000, 0x0000, 0x0000, 0x0000, 0x0000, 0x0000, 0x0000, 0x0000,
  0x0000, 0x0000, 0x0000, 0x0000, 0x0000, 0x0000, 0x0000, 0x0000, 0x0000, 0x0000, 0x0000, 0x0000,
  0x7862, 0x8082, 0x90c3, 0x88a3, 0x7863, 0x7063, 0x6043, 0x4822, 0x6863, 0x7023, 0xa1e7, 0xe369,
  0xdae8, 0xdaa7, 0xdaa7, 0xdac7, 0xdac7, 0xdaa7, 0xe2e8, 0xe329, 0xeb69, 0xebab, 0xebca, 0xec4b,
  0xec4c, 0xec4c, 0xe388, 0xd2c6, 0xdae7, 0xe328, 0xe327, 0xe369, 0xdb07, 0xdae6, 0xe3a9, 0xe389,
  0xe348, 0xdb07, 0xe327, 0xe348, 0xe369, 0xdb27, 0xdb47, 0xdb48, 0xcae6, 0xba84, 0xa9c2, 0xa9a2,
  0x7943, 0x2840, 0x2020, 0x2020, 0x1820, 0x2040, 0x28a2, 0x3103, 0x3124, 0x3986, 0x41c7, 0x41c8,
  0x49c8, 0x49e8, 0x41a7, 0x3966, 0x20c3, 0x1061, 0x1841, 0x1000, 0x0000, 0x7122, 0xc264, 0xba42,
  0xb1a1, 0xa960, 0xa980, 0xba23, 0xcaa5, 0xd327, 0xdb48, 0xdb48, 0xe328, 0xe3a9, 0xcae6, 0xa9e1,
  0xca85, 0xe368, 0xe38a, 0xd42b, 0xcdd3, 0xd5f7, 0xcdd6, 0xd5f6, 0xbd54, 0x3143, 0x0800, 0x1040,
  0x28e3, 0x41a7, 0x41a7, 0x3985, 0x3122, 0x1880, 0x1040, 0x0820, 0x0000, 0x0000, 0x0000, 0x0000,
  0x0000, 0x0000, 0x0000, 0x0000, 0x0000, 0x0000, 0x0000, 0x0000, 0x0000, 0x0000, 0x0000, 0x0000,
  0x0000, 0x0000, 0x0000, 0x0000, 0x0000, 0x0000, 0x0000, 0x0000, 0x8082, 0x88c3, 0x90c3, 0x8083,
  0x7863, 0x7863, 0x5843, 0x5022, 0x6843, 0x7883, 0xc2c8, 0xdaa7, 0xda86, 0xda86, 0xdaa7, 0xdac7,
  0xdac7, 0xdaa7, 0xdae8, 0xe308, 0xe308, 0xe329, 0xe3aa, 0xec2b, 0xec4b, 0xec4c, 0xe3c9, 0xd2c6,
  0xd2c6, 0xe328, 0xe307, 0xe369, 0xdb48, 0xd2a5, 0xe389, 0xe369, 0xe368, 0xdae6, 0xdac6, 0xe348,
  0xe369, 0xe389, 0xe3aa, 0xe389, 0xdb48, 0xdb48, 0xc2c6, 0xba64, 0xdb07, 0xaa45, 0x50e2, 0x50a3,
  0x4841, 0x3000, 0x2800, 0x2000, 0x1800, 0x1800, 0x1000, 0x1040, 0x1021, 0x1020, 0x1020, 0x1020,
  0x2040, 0x4040, 0x2800, 0x2020, 0x91e4, 0xc264, 0xa181, 0x9920, 0xa160, 0xb1e2, 0xc244, 0xcaa5,
  0xd307, 0xdb48, 0xdb68, 0xdb28, 0xe348, 0xeba9, 0xd327, 0xa9c1, 0xcaa5, 0xe389, 0xebea, 0xcb26,
  0xc54f, 0xd5d7, 0xcdb6, 0xd5f6, 0x838d, 0x0000, 0x0000, 0x0000, 0x0000, 0x0000, 0x0000, 0x0000,
  0x0000, 0x0000, 0x0000, 0x0000, 0x0000, 0x0000, 0x0000, 0x0000, 0x0000, 0x0000, 0x0000, 0x0000,
  0x0000, 0x0000, 0x0000, 0x0000, 0x0000, 0x0000, 0x0000, 0x0000, 0x0000, 0x0000, 0x0000, 0x0000,
  0x0000, 0x0000, 0x0000, 0x0000, 0x8903, 0x88c3, 0x90c3, 0x8083, 0x7863, 0x7863, 0x5843, 0x5022,
  0x6843, 0x80c4, 0xc2a7, 0xd2c7, 0xdac7, 0xdac7, 0xdac7, 0xdac7, 0xdac7, 0xdac7, 0xdae8, 0xdae7,
  0xdac7, 0xdb08, 0xe389, 0xe3aa, 0xebea, 0xec2b, 0xec0b, 0xd2c6, 0xca64, 0xe368, 0xdae7, 0xe368,
  0xe368, 0xd285, 0xe348, 0xe389, 0xe368, 0xdb07, 0xdac6, 0xdac6, 0xe389, 0xe369, 0xe389, 0xe3aa,
  0xe3aa, 0xe389, 0xdb28, 0xc2c6, 0xba85, 0xdb48, 0xcae7, 0x9a04, 0x91e6, 0x8984, 0x9983, 0x8922,
  0x6040, 0x4082, 0x8b8c, 0x51e6, 0x3984, 0x6268, 0x7a07, 0x6860, 0x7881, 0x5821, 0x6102, 0xb244,
  0xb1c2, 0x98e0, 0xa162, 0xb202, 0xc284, 0xcaa5, 0xc264, 0xdb07, 0xd307, 0xdb48, 0xe389, 0xdb07,
  0xe348, 0xeb89, 0xdb68, 0xb1e2, 0xc264, 0xdb48, 0xec0b, 0xd327, 0xc4ac, 0xd5f6, 0xd5d6, 0xcdb6,
  0x49e6, 0x0000, 0x0000, 0x0000, 0x0000, 0x0000, 0x0000, 0x0000, 0x0000, 0x0000, 0x0000, 0x0000,
  0x0000, 0x0000, 0x0000, 0x0000, 0x0000, 0x0000, 0x0000, 0x0000, 0x0000, 0x0000, 0x0000, 0x0000,
  0x0000, 0x0000, 0x0000, 0x0000, 0x0000, 0x0000, 0x0000, 0x0000, 0x0000, 0x0000, 0x0000, 0x0000,
  0xab2d, 0x88a3, 0x90c3, 0x8082, 0x7862, 0x7863, 0x5843, 0x5022, 0x6843, 0x80c3, 0xc2a5, 0xe369,
  0xe3ca, 0xe3ea, 0xe389, 0xe3ca, 0xe3ea, 0xdb28, 0xdac6, 0xe368, 0xe3aa, 0xe349, 0xe3a9, 0xe3a9,
  0xe3ca, 0xec0b, 0xec2b, 0xe389, 0xca64, 0xe369, 0xdac6, 0xe328, 0xe389, 0xd285, 0xdb07, 0xe389,
  0xe389, 0xdb27, 0xe307, 0xdac6, 0xdaa5, 0xe368, 0xe369, 0xdb27, 0xdb07, 0xdb07, 0xd2e6, 0xcae7,
  0xcae6, 0xc285, 0xd306, 0xc284, 0xc285, 0xbac7, 0xbb49, 0xcb8a, 0xb244, 0xa287, 0xeefc, 0xbd75,
  0x7b6c, 0x7b8d, 0xb492, 0x9961, 0x78e2, 0x81a4, 0xba24, 0xa982, 0xa982, 0xba24, 0xc284, 0xc285,
  0xd2c6, 0xc264, 0xb9c3, 0xe368, 0xc2a5, 0xe389, 0xe389, 0xd307, 0xe348, 0xe389, 0xe389, 0xb223,
  0xba23, 0xd2e6, 0xe3a9, 0xdb69, 0xbc0a, 0xcdf5, 0xd5d6, 0xbd13, 0x20e2, 0x0000, 0x0000, 0x0000,
  0x0000, 0x0000, 0x0000, 0x0000, 0x0000, 0x0000, 0x0000, 0x0000, 0x0000, 0x0000, 0x0000, 0x0000,
  0x0000, 0x0000, 0x0000, 0x0000, 0x0000, 0x0000, 0x0000, 0x0000, 0x0000, 0x0000, 0x0000, 0x0000,
  0x0000, 0x0000, 0x0000, 0x0000, 0x0000, 0x0000, 0x0000, 0x0000, 0xcdb8, 0xa26a, 0x8881, 0x7882,
  0x8062, 0x7863, 0x6043, 0x5042, 0x6823, 0x99a5, 0xec0d, 0xec2e, 0xf48e, 0xe3ea, 0xba25, 0xec0b,
  0xebca, 0xdb07, 0xe348, 0xdb27, 0xec0b, 0xec2b, 0xec4b, 0xec2b, 0xebeb, 0xebea, 0xec0b, 0xec0b,
  0xdb48, 0xdb07, 0xdae7, 0xdae7, 0xe3a9, 0xd2a5, 0xdae6, 0xe3a9, 0xe3a9, 0xe389, 0xdac6, 0xe348,
  0xdac6, 0xca43, 0xd2e6, 0xdb69, 0xdb68, 0xdb48, 0xdb07, 0xcaa5, 0xc264, 0xcac6, 0xc2a5, 0xc2c5,
  0xba24, 0xcaa6, 0xd328, 0xcb69, 0xb349, 0xab49, 0xd618, 0xdeba, 0x7b6c, 0x6aea, 0x9bee, 0x8a25,
  0xaa85, 0xc224, 0xb1e3, 0xb245, 0xd327, 0xcac6, 0xcaa5, 0xcaa5, 0xcaa5, 0xba44, 0xba25, 0xdb68,
  0xc264, 0xe3a9, 0xdb69, 0xd2c6, 0xdb27, 0xe389, 0xe3aa, 0xc264, 0xb1e2, 0xca85, 0xe3ca, 0xebeb,
  0xb306, 0xbd52, 0xd5d7, 0x9c2f, 0x0840, 0x0000, 0x0000, 0x0000, 0x0000, 0x0000, 0x0000, 0x0000,
  0x0000, 0x0000, 0x0000, 0x0000, 0x0000, 0x0000, 0x0000, 0x0000, 0x0000, 0x0000, 0x0000, 0x0000,
  0x0000, 0x0000, 0x0000, 0x0000, 0x0000, 0x0000, 0x0000, 0x0000, 0x0000, 0x0000, 0x0000, 0x0000,
  0x0000, 0x0000, 0x0000, 0x0000, 0xde7b, 0xcd35, 0x9144, 0x7861, 0x8082, 0x7863, 0x6043, 0x5022,
  0x6843, 0xd36c, 0xf42f, 0xebce, 0xf44d, 0xca86, 0xb1c4, 0xebea, 0xe3a9, 0xec2b, 0xe3a9, 0xe348,
  0xec0b, 0xec4c, 0xec6c, 0xec6c, 0xec4b, 0xec2b, 0xec2b, 0xec2b, 0xe3ca, 0xdb07, 0xdae7, 0xdae7,
  0xe3a9, 0xd2c6, 0xdac6, 0xe389, 0xe3a9, 0xe3ca, 0xe328, 0xdac6, 0xe389, 0xdae7, 0xca02, 0xca84,
  0xdb48, 0xe389, 0xe389, 0xdb27, 0xba64, 0xca85, 0xd2e6, 0xc2a5, 0xb243, 0xc285, 0xd2e7, 0xdb27,
  0xdb28, 0xc2c6, 0x9a45, 0x9bac, 0x8bad, 0x83ce, 0x82a8, 0x8921, 0xb1e3, 0xca85, 0xc2a5, 0xd307,
  0xdb48, 0xc264, 0xcaa5, 0xd2e6, 0xd306, 0x9942, 0xd308, 0xcac5, 0xcaa5, 0xe389, 0xdb68, 0xcaa5,
  0xdb07, 0xe3a9, 0xe3ca, 0xcac5, 0xb1a1, 0xcaa6, 0xebeb, 0xec0b, 0xbae5, 0xb4cf, 0xd5f7, 0x8b8d,
  0x0000, 0x0000, 0x0000, 0x0000, 0x0000, 0x0000, 0x0000, 0x0000, 0x0000, 0x0000, 0x0000, 0x0000,
  0x0000, 0x0000, 0x0000, 0x0000, 0x0000, 0x0000, 0x0000, 0x0000, 0x0000, 0x0000, 0x0000, 0x0000,
  0x0000, 0x0000, 0x0000, 0x0000, 0x0000, 0x0000, 0x0000, 0x0000, 0x0000, 0x0000, 0x0000, 0x0000,
  0xde7b, 0xde5a, 0xb3af, 0x8082, 0x8082, 0x7863, 0x6843, 0x5002, 0x8966, 0xebee, 0xe36c, 0xebcc,
  0xe3a9, 0xa942, 0xca86, 0xdb07, 0xdb48, 0xec6c, 0xec2b, 0xe3a9, 0xdae7, 0xd2e6, 0xe389, 0xec0b,
  0xec2b, 0xec2b, 0xec2b, 0xec2b, 0xebea, 0xdb27, 0xb9c3, 0xdb07, 0xe3a9, 0xd2e6, 0xd2a5, 0xe368,
  0xebca, 0xe3aa, 0xe389, 0xdae7, 0xe327, 0xebaa, 0xe328, 0xca43, 0xca64, 0xdb27, 0xdb89, 0xdba9,
  0xd307, 0xc2a5, 0xd2e6, 0xc284, 0xb202, 0xba43, 0xc2a5, 0xcac6, 0xd306, 0xd327, 0xba43, 0x9225,
  0x72ea, 0x6aa8, 0x6903, 0x9940, 0xca84, 0xdb48, 0xd2e6, 0xd2e7, 0xd2e7, 0xd2c6, 0xcac6, 0xc264,
  0x90e2, 0x9944, 0xdb48, 0xb223, 0xd2e7, 0xe389, 0xdb48, 0xca85, 0xdb27, 0xeba9, 0xebca, 0xcac5,
  0xa140, 0xba24, 0xdb48, 0xe3aa, 0xcb47, 0xbcce, 0xd5f7, 0x836c, 0x0000, 0x0000, 0x0000, 0x0000,
  0x0000, 0x0000, 0x0000, 0x0000, 0x0000, 0x0000, 0x0000, 0x0000, 0x0000, 0x0000, 0x0000, 0x0000,
  0x0000, 0x0000, 0x0000, 0x0000, 0x0000, 0x0000, 0x0000, 0x0000, 0x0000, 0x0000, 0x0000, 0x0000,
  0x0000, 0x0000, 0x0000, 0x0000, 0x0000, 0x0000, 0x0000, 0x0000, 0xde7b, 0xd65a, 0xd5d8, 0x9a69,
  0x7841, 0x7863, 0x6863, 0x5002, 0xa1e7, 0xe349, 0xe36a, 0xe3ca, 0xd285, 0xa962, 0xdb07, 0xd2c7,
  0xd285, 0xdb28, 0xdb27, 0xd2a5, 0xca85, 0xd264, 0xd2a5, 0xe368, 0xe3ca, 0xe3ea, 0xebea, 0xec0b,
  0xe3ea, 0xe389, 0xc204, 0xca44, 0xebca, 0xd2e6, 0xd2c6, 0xe348, 0xebca, 0xebca, 0xe3ca, 0xe348,
  0xdae7, 0xe348, 0xe389, 0xe369, 0xd264, 0xca44, 0xd307, 0xdb69, 0xdb89, 0xd327, 0xd2e6, 0xba64,
  0xa9e1, 0xba64, 0xca85, 0xcaa5, 0xc285, 0xc285, 0xb223, 0xa161, 0x8aa8, 0x6ac9, 0x7183, 0xd2c6,
  0xdb89, 0xdb48, 0xe389, 0xe389, 0xe369, 0xcac6, 0xba02, 0xa120, 0x8882, 0xd307, 0xcac5, 0xba43,
  0xdb28, 0xe369, 0xd327, 0xca85, 0xdb07, 0xeba9, 0xebca, 0xcaa5, 0xa140, 0xb1c1, 0xcaa5, 0xdb07,
  0xdb68, 0xbcaf, 0xcdf7, 0x836c, 0x0000, 0x0000, 0x0000, 0x0000, 0x0000, 0x0000, 0x0000, 0x0000,
  0x0000, 0x0000, 0x0000, 0x0000, 0x0000, 0x0000, 0x0000, 0x0000, 0x0000, 0x0000, 0x0000, 0x0000,
  0x0000, 0x0000, 0x0000, 0x0000, 0x0000, 0x0000, 0x0000, 0x0000, 0x0000, 0x0000, 0x0000, 0x0000,
  0x0000, 0x0000, 0x0000, 0x0000, 0xde7b, 0xd65a, 0xd639, 0xbcb3, 0x8945, 0x7842, 0x6863, 0x5822,
  0xb246, 0xebea, 0xec0b, 0xe389, 0xc1c3, 0xca85, 0xdb28, 0xdae7, 0xdae7, 0xdac6, 0xca65, 0xca64,
  0xd2a5, 0xd285, 0xd264, 0xdae7, 0xe389, 0xe3ca, 0xe3ca, 0xe3ea, 0xec0b, 0xe3a9, 0xc245, 0xa163,
  0xebca, 0xdae7, 0xd2c6, 0xe348, 0xebca, 0xebca, 0xe3ca, 0xe389, 0xdb07, 0xe348, 0xe369, 0xe389,
  0xe389, 0xdaa5, 0xd264, 0xdb07, 0xdb69, 0xdb69, 0xdb48, 0xc285, 0xa9e1, 0xba64, 0xcac6, 0xca85,
  0xc264, 0xba22, 0xb1c1, 0xaa03, 0xab09, 0x7267, 0x69c5, 0xbb08, 0xdb89, 0xdb68, 0xe389, 0xe389,
  0xe3aa, 0xba43, 0xa960, 0xa0e0, 0xca65, 0xdb48, 0xb223, 0xc285, 0xdb48, 0xdb28, 0xd2e7, 0xca84,
  0xdb07, 0xebca, 0xebca, 0xc264, 0xa160, 0xba43, 0xcaa6, 0xdac6, 0xdb07, 0xc46f, 0xc5d6, 0x838c,
  0x0000, 0x0000, 0x0000, 0x0000, 0x0000, 0x0000, 0x0000, 0x0000, 0x0000, 0x0000, 0x0000, 0x0000,
  0x0000, 0x0000, 0x0000, 0x0000, 0x0000, 0x0000, 0x0000, 0x0000, 0x0000, 0x0000, 0x0000, 0x0000,
  0x0000, 0x0000, 0x0000, 0x0000, 0x0000, 0x0000, 0x0000, 0x0000, 0x0000, 0x0000, 0x0000, 0x0000,
  0xde7b, 0xde7a, 0xcdf8, 0xc5b7, 0xb410, 0x7882, 0x6823, 0x70c3, 0xe3a9, 0xec2b, 0xe3eb, 0xd2a6,
  0xca23, 0xdb07, 0xd307, 0xdae7, 0xdac6, 0xd264, 0xd285, 0xd2a5, 0xd2a6, 0xd2a5, 0xd243, 0xd264,
  0xdae7, 0xe389, 0xe3ca, 0xe3aa, 0xe3eb, 0xebc9, 0xb1e4, 0x80e3, 0xebca, 0xdb07, 0xdac6, 0xe348,
  0xe3aa, 0xebca, 0xebca, 0xe3aa, 0xe369, 0xe348, 0xe369, 0xe348, 0xe369, 0xe389, 0xdac6, 0xd244,
  0xd2e7, 0xdb69, 0xdb69, 0xd307, 0xb202, 0xb202, 0xc284, 0xc264, 0xc243, 0xba23, 0xcae6, 0xaa86,
  0x9287, 0xabed, 0x7b4b, 0x732b, 0x9ae8, 0xdb07, 0xdb48, 0xdb28, 0xe3a9, 0xc264, 0xa120, 0xc1e2,
  0xe368, 0xc284, 0xb243, 0xcae7, 0xd307, 0xd2e7, 0xd2e7, 0xca85, 0xdb07, 0xebca, 0xebca, 0xc264,
  0xa140, 0xb1a1, 0xc244, 0xd2a6, 0xdae7, 0xc3c9, 0xc5b5, 0x8bce, 0x0000, 0x0000, 0x0000, 0x0000,
  0x0000, 0x0000, 0x0000, 0x0000, 0x0000, 0x0000, 0x0000, 0x0000, 0x0000, 0x0000, 0x0000, 0x0000,
  0x0000, 0x0000, 0x0000, 0x0000, 0x0000, 0x0000, 0x0000, 0x0000, 0x0000, 0x0000, 0x0000, 0x0000,
  0x0000, 0x0000, 0x0000, 0x0000, 0x0000, 0x0000, 0x0000, 0x0000, 0xde7b, 0xde7b, 0xcdd8, 0xc5b7,
  0xcdb7, 0x9289, 0x6001, 0x91a5, 0xe40b, 0xe40b, 0xe389, 0xca24, 0xd2a5, 0xdb49, 0xd2e7, 0xdb07,
  0xe369, 0xdb28, 0xe348, 0xe369, 0xe369, 0xe328, 0xdaa6, 0xd243, 0xd264, 0xdb07, 0xe389, 0xe389,
  0xe3ca, 0xebea, 0xba45, 0x78c3, 0xeba9, 0xdb07, 0xdae7, 0xe348, 0xe3a9, 0xebca, 0xebca, 0xe3ca,
  0xe3a9, 0xe369, 0xe369, 0xe348, 0xe328, 0xe348, 0xe389, 0xdb07, 0xd243, 0xd2e6, 0xe389, 0xdb68,
  0xba84, 0xba43, 0xd2e6, 0xcae6, 0xcac6, 0xcae7, 0xdba9, 0x8183, 0x7984, 0xa2a7, 0x932a, 0x730a,
  0x72c9, 0xaa24, 0xe368, 0xdb48, 0xe3a9, 0xba44, 0xa120, 0xdb07, 0xd307, 0xb222, 0xc284, 0xcac6,
  0xcac6, 0xd2e7, 0xd2e7, 0xcaa5, 0xdb07, 0xebca, 0xebca, 0xc264, 0xa960, 0xa940, 0xb1c2, 0xca85,
  0xe308, 0xc2e5, 0xac6b, 0x8bef, 0x0000, 0x0000, 0x0000, 0x0000, 0x0000, 0x0000, 0x0000, 0x0000,
  0x0000, 0x0000, 0x0000, 0x0000, 0x0000, 0x0000, 0x0000, 0x0000, 0x0000, 0x0000, 0x0000, 0x0000,
  0x0000, 0x0000, 0x0000, 0x0000, 0x0000, 0x0000, 0x0000, 0x0000, 0x0000, 0x0000, 0x0000, 0x0000,
  0x0000, 0x0000, 0x0000, 0x0000, 0xde7b, 0xde7a, 0xcdd7, 0xcdd7, 0xcdf8, 0xb4b2, 0x7124, 0x9249,
  0xab2d, 0x9a27, 0xc329, 0xc224, 0xdb28, 0xd369, 0xd2c6, 0xe389, 0xebeb, 0xec0b, 0xebeb, 0xebea,
  0xebca, 0xe3a9, 0xe389, 0xdae7, 0xd243, 0xd264, 0xdb28, 0xe369, 0xe389, 0xebea, 0xc286, 0x78c2,
  0xe389, 0xdb07, 0xdae7, 0xe368, 0xe3a9, 0xe3ca, 0xe3ca, 0xe3ca, 0xe3aa, 0xe3aa, 0xe389, 0xe369,
  0xe348, 0xe307, 0xe328, 0xe389, 0xe348, 0xd285, 0xdb28, 0xdb69, 0xd327, 0xbaa5, 0xd2e7, 0xd307,
  0xd2e7, 0xd368, 0xcb27, 0x7080, 0x7984, 0x9aa7, 0xa34a, 0xbd73, 0x730a, 0x40c0, 0xba85, 0xe348,
  0xe3a9, 0xa161, 0xb1c3, 0xdb68, 0xba64, 0xb243, 0xc2c6, 0xcae6, 0xcae7, 0xd2e7, 0xd2e7, 0xcac6,
  0xdb07, 0xebca, 0xebca, 0xc244, 0xb181, 0xa961, 0xa961, 0xca44, 0xe327, 0xc2e6, 0xac0d, 0x6b2b,
  0x0000, 0x0000, 0x0000, 0x0000, 0x0000, 0x0000, 0x0000, 0x0000, 0x0000, 0x0000, 0x0000, 0x0000,
  0x0000, 0x0000, 0x0000, 0x0000, 0x0000, 0x0000, 0x0000, 0x0000, 0x0000, 0x0000, 0x0000, 0x0000,
  0x0000, 0x0000, 0x0000, 0x0000, 0x0000, 0x0000, 0x0000, 0x0000, 0x0000, 0x0000, 0x0000, 0x0000,
  0xde7b, 0xde7b, 0xcdd7, 0xcdd8, 0xcdf8, 0xb513, 0x9b6d, 0xb411, 0xc3ce, 0xaa49, 0xaa68, 0xd36b,
  0xe42d, 0xd308, 0xd2c6, 0xebca, 0xebea, 0xebea, 0xebca, 0xe3ca, 0xe3a9, 0xe389, 0xe389, 0xe389,
  0xe307, 0xd244, 0xd284, 0xdb07, 0xe348, 0xc286, 0xb1e3, 0x80e3, 0xdb48, 0xdb07, 0xdb07, 0xe369,
  0xe3a9, 0xe3ca, 0xe3ca, 0xe3ca, 0xe3ca, 0xe3aa, 0xe3aa, 0xe3aa, 0xe369, 0xe369, 0xe348, 0xe348,
  0xe369, 0xe327, 0xdae7, 0xe369, 0xdb68, 0xcb07, 0xcac6, 0xdb07, 0xd307, 0xd368, 0xa1e2, 0x9120,
  0xa2a7, 0x8a67, 0x9b0a, 0xe6b9, 0xf75c, 0xacf2, 0x8225, 0xcac6, 0xca85, 0xaa25, 0xec4d, 0xcb28,
  0xb223, 0xba44, 0xcaa5, 0xcac6, 0xcac6, 0xcac6, 0xcac6, 0xcac6, 0xd2e7, 0xebca, 0xe3ca, 0xba44,
  0xb1a1, 0xa941, 0xa100, 0xc203, 0xe348, 0xcb27, 0xbcf3, 0x5227, 0x0000, 0x0020, 0x0820, 0x0020,
  0x0000, 0x0000, 0x0000, 0x0000, 0x0000, 0x0000, 0x0000, 0x0000, 0x0000, 0x0000, 0x0000, 0x0000,
  0x0000, 0x0000, 0x0000, 0x0000, 0x0000, 0x0000, 0x0000, 0x0000, 0x0000, 0x0000, 0x0000, 0x0000,
  0x0000, 0x0000, 0x0000, 0x0000, 0x0000, 0x0000, 0x0000, 0x0000, 0xde7b, 0xde7a, 0xc5d7, 0xcdf8,
  0xd5f9, 0xb4f3, 0xb4b2, 0xccb2, 0xd3ce, 0xba89, 0xd34a, 0xe3cd, 0xe46e, 0xdb48, 0xdb28, 0xebca,
  0xe3aa, 0xebca, 0xebca, 0xebca, 0xe3ca, 0xe389, 0xe368, 0xe348, 0xe369, 0xe307, 0xd243, 0xd285,
  0xdb07, 0xa9a4, 0xb204, 0x88e2, 0xdb08, 0xdb28, 0xdb48, 0xe3a9, 0xe3aa, 0xe3ca, 0xe3ca, 0xe3ca,
  0xe3aa, 0xe3aa, 0xe3aa, 0xe3aa, 0xe38a, 0xe389, 0xe389, 0xdb48, 0xdb28, 0xe348, 0xdb07, 0xdb28,
  0xdb69, 0xdb48, 0xcae6, 0xcac6, 0xcb27, 0xc2c5, 0x9980, 0xa1e1, 0xc46e, 0x930a, 0xa36c, 0xde77,
  0xffde, 0xffff, 0xabed, 0x6941, 0xa141, 0xd4d1, 0xacf5, 0xac92, 0xc513, 0xd512, 0xd4d0, 0xd46f,
  0xdc4d, 0xdc2c, 0xdbca, 0xdb68, 0xdb07, 0xe389, 0xebea, 0xba23, 0xa940, 0xa0e1, 0x98c1, 0xc203,
  0xe389, 0xcae6, 0xa40f, 0x3164, 0x0000, 0x0000, 0x0000, 0x0000, 0x0000, 0x1040, 0x20e3, 0x2944,
  0x20e3, 0x20c2, 0x1081, 0x0840, 0x0000, 0x0000, 0x0000, 0x0000, 0x0020, 0x0000, 0x0000, 0x0000,
  0x0000, 0x0000, 0x0000, 0x0000, 0x0000, 0x0000, 0x0000, 0x0000, 0x0000, 0x0000, 0x0000, 0x0000,
  0x0000, 0x0000, 0x0000, 0x0000, 0xde7b, 0xde5a, 0xcdd7, 0xcdf8, 0xcdf8, 0xb513, 0xc4d3, 0xdcd2,
  0xdcf3, 0xdc91, 0xec90, 0xecb0, 0xdbaa, 0xdb07, 0xe389, 0xebea, 0xe3a9, 0xe3ca, 0xebca, 0xebca,
  0xebea, 0xe3a9, 0xe368, 0xe348, 0xe307, 0xe348, 0xdac6, 0xca43, 0xdac5, 0xb1e4, 0xb1e3, 0x8903,
  0xdb48, 0xdb28, 0xe348, 0xe3ca, 0xe3ca, 0xe3aa, 0xe389, 0xe369, 0xe369, 0xdb2a, 0xdb2a, 0xdb29,
  0xe369, 0xe389, 0xe389, 0xdb49, 0xdb28, 0xe369, 0xdae7, 0xdae7, 0xe369, 0xdb69, 0xd307, 0xc2c6,
  0xcae6, 0xaa02, 0xa1c1, 0xb202, 0xd551, 0xa3cd, 0x8b2a, 0xc572, 0xffde, 0xffff, 0xde17, 0x68e0,
  0x8182, 0xb3cd, 0x62af, 0x414b, 0x522e, 0x5a8f, 0x83f2, 0xbdb7, 0x9c94, 0x9412, 0xacb4, 0xbcf4,
  0xcd54, 0xed11, 0xe3ca, 0xb203, 0xa100, 0x88a2, 0x90a1, 0xca44, 0xe3ca, 0xc2a5, 0x9a65, 0x2060,
  0x0820, 0x3986, 0x736d, 0xa4f3, 0xc5f7, 0xdeda, 0xf77d, 0xffbe, 0xf77d, 0xe71b, 0xdeb9, 0xd658,
  0xb575, 0x734c, 0x3164, 0x0000, 0x0000, 0x0000, 0x0000, 0x0000, 0x0000, 0x0000, 0x0000, 0x0000,
  0x0000, 0x0000, 0x0000, 0x0000, 0x0000, 0x0000, 0x0000, 0x0000, 0x0000, 0x0000, 0x0000, 0x0000,
  0xde7b, 0xd65a, 0xcdd8, 0xcdf9, 0xcdd8, 0xb513, 0xc4d3, 0xdc71, 0xd40f, 0xecb1, 0xec6f, 0xec6f,
  0xe3aa, 0xdb28, 0xe3aa, 0xec2b, 0xebea, 0xe3ca, 0xe3a9, 0xe3a9, 0xe3a9, 0xe389, 0xe348, 0xe348,
  0xdae7, 0xdac6, 0xe328, 0xd284, 0xd284, 0xc225, 0xa983, 0x9963, 0xe369, 0xdb28, 0xe369, 0xe3aa,
  0xe369, 0xe348, 0xdb2a, 0xba2c, 0x918d, 0x89af, 0x796f, 0x794e, 0x896c, 0xa1cb, 0xcaa9, 0xdb48,
  0xdb28, 0xe369, 0xe369, 0xdb07, 0xdb28, 0xdb69, 0xd307, 0xcae6, 0xba84, 0x99a0, 0xb243, 0xba43,
  0xdd72, 0xd616, 0xb48f, 0xde77, 0xffbd, 0xffde, 0xff9d, 0x8a04, 0x99c2, 0xab09, 0x5a4b, 0x3908,
  0x418b, 0x30ea, 0x7b50, 0xbd77, 0x8bf2, 0x394b, 0x414b, 0x418c, 0x49ed, 0xacb3, 0xdb68, 0xb1e3,
  0x90a0, 0x7863, 0x90a1, 0xdac5, 0xebca, 0xba64, 0xb2c7, 0xac50, 0xce38, 0xf79e, 0xffff, 0xffff,
  0xffff, 0xffff, 0xffff, 0xffff, 0xffff, 0xffff, 0xffff, 0xffff, 0xffff, 0xffff, 0xffbe, 0xce38,
  0x7bae, 0x2103, 0x0000, 0x0000, 0x0000, 0x0000, 0x0000, 0x0000, 0x0000, 0x0000, 0x0000, 0x0000,
  0x0000, 0x0000, 0x0000, 0x0000, 0x0000, 0x0000, 0x0000, 0x0000, 0xde9b, 0xd65a, 0xcdf8, 0xd619,
  0xcdb7, 0xb4f3, 0xc4d3, 0xdc92, 0xd3ce, 0xe3ed, 0xec0d, 0xec4e, 0xe3aa, 0xdb08, 0xe369, 0xe3ca,
  0xec2b, 0xec0b, 0xebeb, 0xebea, 0xe3a9, 0xe389, 0xe348, 0xe328, 0xe307, 0xdaa5, 0xdae6, 0xdae7,
  0xd264, 0xca85, 0xa162, 0xb9e4, 0xe389, 0xe349, 0xe389, 0xdb69, 0xdb08, 0xba2c, 0x7970, 0x69f2,
  0x9bf7, 0xac79, 0x72b5, 0x9c37, 0x9bf7, 0x7a73, 0x716f, 0xa9ed, 0xd309, 0xdb28, 0xe38a, 0xdb48,
  0xdb08, 0xdb69, 0xd328, 0xcae6, 0xa9e2, 0x99a1, 0xba64, 0xc284, 0xe572, 0xef3b, 0xeed9, 0xeef9,
  0xf77c, 0xffbe, 0xffff, 0x9b8b, 0x9161, 0xdbec, 0x7b4f, 0x49ca, 0xad36, 0xa4b5, 0xad15, 0xc5f8,
  0xb556, 0x62cf, 0x41ab, 0x418c, 0x49ad, 0x8b6f, 0xd368, 0xa162, 0x8061, 0x7063, 0x88c1, 0xa244,
  0x92e8, 0x834b, 0x7bad, 0x83ee, 0x7bac, 0x632a, 0x632a, 0x7bad, 0x8c50, 0xad54, 0xce59, 0xe71c,
  0xffdf, 0xffff, 0xffff, 0xffff, 0xffdf, 0xffdf, 0xffff, 0xffff, 0xffff, 0xf75d, 0x9cb2, 0x2944,
  0x0000, 0x0000, 0x0000, 0x0000, 0x0000, 0x0000, 0x0000, 0x0000, 0x0000, 0x0000, 0x0000, 0x0000,
  0x0000, 0x0000, 0x0000, 0x0000, 0xde9b, 0xd63a, 0xcdf8, 0xcdf8, 0xcdb7, 0xb4f3, 0xc4d3, 0xe4f4,
  0xdc30, 0xe470, 0xf4f2, 0xecb0, 0xe38a, 0xdb07, 0xe2e7, 0xdaa6, 0xe328, 0xe3ca, 0xec0b, 0xe3a9,
  0xdb48, 0xdb48, 0xdb28, 0xdb48, 0xe348, 0xdb07, 0xda84, 0xdae7, 0xd284, 0xd2a5, 0xa162, 0xb9c3,
  0xe369, 0xdb49, 0xdb28, 0xdae8, 0xa1ad, 0x71f2, 0x93b7, 0x9c17, 0x8b55, 0x6a53, 0x61d2, 0x7273,
  0x8314, 0xac98, 0x9c37, 0x6191, 0x896e, 0xca88, 0xdb48, 0xe369, 0xdb08, 0xdb49, 0xdb49, 0xcac6,
  0xa1c1, 0xa1a1, 0xba84, 0xc285, 0xe593, 0xef1a, 0xeed9, 0xeed9, 0xf75b, 0xffbe, 0xffff, 0xc512,
  0x9181, 0xc328, 0x9c32, 0x392b, 0x9cb4, 0xef5d, 0xc618, 0xa515, 0xb576, 0xce59, 0xc5f9, 0xd65a,
  0x6af0, 0x6acf, 0xd3ea, 0x9921, 0x80a1, 0x68e1, 0x4100, 0x3983, 0x4226, 0x39c5, 0x3163, 0x2942,
  0x3183, 0x5ac9, 0x8c50, 0xb575, 0xbdd7, 0xce58, 0xd699, 0xd699, 0xa512, 0xad33, 0xdedb, 0xffff,
  0xffff, 0xffff, 0xffdf, 0xffff, 0xffdf, 0xffff, 0xffff, 0xef3c, 0x7bce, 0x0841, 0x0000, 0x0000,
  0x0000, 0x0000, 0x0000, 0x0000, 0x0000, 0x0000, 0x0000, 0x0000, 0x0000, 0x0000, 0x0000, 0x0000,
  0xde7b, 0xd639, 0xcdf9, 0xcdf8, 0xc597, 0xacd3, 0xc4f3, 0xed55, 0xe4b2, 0xe4d2, 0xf573, 0xec8f,
  0xe3cb, 0xe389, 0xebaa, 0xe327, 0xdaa6, 0xdae7, 0xe3ca, 0xe348, 0xdae7, 0xdb07, 0xd2e7, 0xd2c6,
  0xd2c6, 0xdb28, 0xdae7, 0xda85, 0xdac6, 0xd284, 0xa184, 0x9944, 0xe348, 0xd308, 0xdae8, 0xa9ed,
  0x71f3, 0xac79, 0x8b76, 0x5191, 0x5170, 0x4950, 0x4950, 0x4930, 0x4930, 0x6a73, 0xb4d9, 0xacd9,
  0x93d7, 0xa230, 0xc287, 0xdb49, 0xdb49, 0xdb48, 0xdb49, 0xc2c6, 0xa1a0, 0xa1a1, 0xba64, 0xc285,
  0xe5b4, 0xf73b, 0xe677, 0xddf5, 0xef3a, 0xffbe, 0xffff, 0xde36, 0x99e1, 0xb265, 0xa451, 0x396b,
  0x312a, 0x62ae, 0xb576, 0xad35, 0xad15, 0xc618, 0xdebb, 0xce39, 0x5a6f, 0x526f, 0xab09, 0x78a0,
  0x50a1, 0x2080, 0x1080, 0x20a1, 0x1020, 0x0800, 0x1000, 0x0000, 0x5a69, 0xf79e, 0xffff, 0xffff,
  0xffff, 0xffff, 0xffff, 0xffff, 0x840e, 0x4a46, 0x5ae9, 0x83ee, 0xc5f7, 0xffdf, 0xffff, 0xffff,
  0xffff, 0xffff, 0xffdf, 0xffdf, 0xffff, 0xce17, 0x3185, 0x0000, 0x0000, 0x0000, 0x0000, 0x0000,
  0x0000, 0x0000, 0x0000, 0x0000, 0x0000, 0x0000, 0x0000, 0x0000, 0xde7b, 0xd619, 0xcdf8, 0xcdf8,
  0xc596, 0xacd3, 0xc4b2, 0xecf2, 0xed13, 0xdc50, 0xf4b0, 0xecaf, 0xe40b, 0xe369, 0xebeb, 0xe307,
  0xe369, 0xdaa5, 0xdb28, 0xe3ca, 0xdb07, 0xdae6, 0xdae7, 0xdae7, 0xd2c6, 0xd2a5, 0xdb07, 0xdac6,
  0xdac6, 0xdac5, 0xa9e3, 0x8943, 0xdb07, 0xcac6, 0xc24a, 0x6910, 0x6212, 0x7b72, 0x522e, 0x6af0,
  0xd619, 0xbd57, 0xacb6, 0x8bd5, 0xa4d8, 0xbddb, 0xb57a, 0xa497, 0x93b6, 0x7a74, 0xa9cc, 0xcac6,
  0xdb69, 0xe369, 0xdb49, 0xc2a5, 0x9980, 0xa1a1, 0xba64, 0xc285, 0xe5d4, 0xf73b, 0xe616, 0xc46d,
  0xeef9, 0xffbd, 0xffde, 0xeefa, 0x9a43, 0xa1c2, 0xb450, 0x522c, 0x418a, 0x396b, 0x522d, 0x8c32,
  0xad36, 0x8c12, 0x5a8f, 0x312b, 0x41ed, 0x6187, 0x6060, 0x3060, 0x0820, 0x0000, 0x0000, 0x0800,
  0x1020, 0x1840, 0x0800, 0x3144, 0xde9a, 0xffdf, 0xffff, 0xffff, 0xffff, 0xffff, 0xffff, 0xffff,
  0x5ae9, 0x39c4, 0x4a87, 0x4245, 0x4246, 0x736b, 0xc5f7, 0xffff, 0xffff, 0xffff, 0xffff, 0xffff,
  0xf79d, 0xffde, 0xef3c, 0x4a49, 0x0000, 0x0000, 0x0000, 0x0000, 0x0000, 0x0000, 0x0000, 0x0000,
  0x0000, 0x0000, 0x0000, 0x0000, 0xde7a, 0xcdf8, 0xce19, 0xcdf8, 0xc576, 0xb4b2, 0xd4b2, 0xec91,
  0xe491, 0xecf2, 0xec6f, 0xec8f, 0xe3ca, 0xdb48, 0xebca, 0xe368, 0xe348, 0xe369, 0xdac6, 0xe3aa,
  0xe389, 0xdac6, 0xd2a5, 0xd2c6, 0xdb07, 0xd2c6, 0xd285, 0xdae7, 0xdb08, 0xe328, 0xb224, 0x8963,
  0xdb07, 0xd2e8, 0x916e, 0x5190, 0x6acf, 0x6ab1, 0x8374, 0x8374, 0x9c33, 0xacb3, 0xd619, 0xd63a,
  0xce1b, 0x9c37, 0x93d6, 0xcd7a, 0xa417, 0x5191, 0x7990, 0xba27, 0xdb49, 0xe389, 0xdb49, 0xc285,
  0x9980, 0x9980, 0xb243, 0xb243, 0xe5f5, 0xf73b, 0xddf5, 0xb2c7, 0xeed9, 0xff9d, 0xffbe, 0xf77c,
  0x9aa5, 0x9160, 0xb3ed, 0x8c54, 0x83d1, 0x9c94, 0x6aef, 0x522c, 0x49ec, 0x4a0c, 0x41ab, 0x4a0d,
  0x6a4a, 0x5040, 0x1820, 0x0020, 0x0000, 0x0000, 0x0000, 0x1020, 0x1020, 0x1040, 0x0840, 0x8c10,
  0xd69a, 0xde9a, 0xc5d7, 0xad34, 0x8c50, 0x73ad, 0x6b4b, 0x5ac9, 0x20c1, 0x18c1, 0x2102, 0x3183,
  0x3a04, 0x3a04, 0x4205, 0x738c, 0xd679, 0xffff, 0xffff, 0xffde, 0xffbd, 0xf75c, 0xf77d, 0xf79d,
  0x5aeb, 0x0000, 0x0000, 0x0000, 0x0000, 0x0000, 0x0000, 0x0000, 0x0000, 0x0000, 0x0000, 0x0000,
  0xd65a, 0xcdd8, 0xce19, 0xcdd8, 0xc576, 0xb491, 0xdcd2, 0xec91, 0xe40e, 0xecd1, 0xec4f, 0xe42d,
  0xdb69, 0xe389, 0xec2b, 0xebca, 0xdb07, 0xebaa, 0xe307, 0xe348, 0xe3aa, 0xdb28, 0xd2a6, 0xd285,
  0xd2a5, 0xdac6, 0xdac6, 0xd264, 0xdb07, 0xe369, 0xb1e4, 0xa1e5, 0xdb07, 0xc229, 0x8a94, 0xa4d7,
  0xb578, 0xacfa, 0x9c78, 0x8356, 0xacb6, 0xd639, 0x9411, 0xbd97, 0xffff, 0xf77e, 0xe6bc, 0xac97,
  0xb4f9, 0x9c17, 0x6193, 0xa1aa, 0xcae6, 0xdb69, 0xdb69, 0xba64, 0x9960, 0x9960, 0xb223, 0xb244,
  0xe636, 0xf75b, 0xddd5, 0xaa44, 0xee98, 0xffbd, 0xff9d, 0xffde, 0x92c7, 0x8920, 0xaa86, 0x9b6c,
  0x9c10, 0xac92, 0xa493, 0xa4d4, 0x8c12, 0x9453, 0x83d1, 0x4a09, 0x5881, 0x1800, 0x0000, 0x0000,
  0x0000, 0x0000, 0x1040, 0x1020, 0x0000, 0x0000, 0x0000, 0x39a6, 0x4a28, 0x3164, 0x18e1, 0x18c1,
  0x18c1, 0x18c1, 0x18a0, 0x1060, 0x1080, 0x1060, 0x0840, 0x0840, 0x1080, 0x2942, 0x31c4, 0x31c3,
  0x4225, 0x9491, 0xf79e, 0xffff, 0xffdf, 0xf77d, 0xef1c, 0xf75d, 0xff9e, 0x5aca, 0x0000, 0x0020,
  0x0000, 0x0000, 0x0000, 0x0000, 0x0000, 0x0000, 0x0000, 0x0000, 0xd619, 0xcdd8, 0xd619, 0xcdd8,
  0xbd76, 0xbc4f, 0xdcb1, 0xe470, 0xe42e, 0xec6f, 0xec90, 0xe3eb, 0xdb48, 0xe3ca, 0xec6c, 0xebeb,
  0xdac6, 0xe389, 0xe389, 0xe328, 0xe3aa, 0xdb48, 0xd2c6, 0xd285, 0xca64, 0xd285, 0xd2c6, 0xd2a5,
  0xc223, 0xca85, 0xa982, 0xba25, 0xdae7, 0xb1ec, 0x6a92, 0x7311, 0x8315, 0x8b74, 0xabb3, 0x6232,
  0x59f1, 0x8bb5, 0x62b0, 0x5a31, 0x8bd5, 0xc5ba, 0xbd99, 0xa495, 0x8335, 0xb4f9, 0x61f4, 0x896d,
  0xba65, 0xd328, 0xdb49, 0xba44, 0x9940, 0x9960, 0xb202, 0xb223, 0xee77, 0xf73b, 0xddd4, 0xaa03,
  0xee36, 0xf79c, 0xff7c, 0xfffe, 0xa34a, 0x78c0, 0xba64, 0x9140, 0x7080, 0x70a0, 0x7922, 0x7964,
  0x89c6, 0x8aca, 0x5a8b, 0x5102, 0x3080, 0x0000, 0x0000, 0x0000, 0x0000, 0x0000, 0x0000, 0x0000,
  0x0000, 0x0000, 0x0000, 0x0000, 0x0000, 0x0020, 0x0840, 0x1060, 0x1060, 0x1060, 0x1060, 0x0840,
  0x0820, 0x0000, 0x0000, 0x0000, 0x0000, 0x0000, 0x1080, 0x2122, 0x31c3, 0x31c4, 0x6b2b, 0xdeba,
  0xffff, 0xffff, 0xf77d, 0xef1c, 0xf77d, 0xf79d, 0x4a48, 0x0000, 0x0000, 0x0000, 0x0000, 0x0000,
  0x0000, 0x0000, 0x0000, 0x0000, 0xcdb7, 0xcdd8, 0xd619, 0xcdf8, 0xbd75, 0xc42e, 0xe3ea, 0xe3eb,
  0xdbcb, 0xe40d, 0xecaf, 0xe40c, 0xe389, 0xe3a9, 0xec2b, 0xe3ca, 0xd285, 0xe389, 0xebca, 0xe389,
  0xe3aa, 0xdb28, 0xd2c6, 0xd2c6, 0xca85, 0xca64, 0xca43, 0xd2a5, 0xd285, 0xc223, 0xa9a2, 0xc265,
  0xdae6, 0xa1ce, 0x6271, 0x520d, 0x61f3, 0xb3d3, 0xcc93, 0x8355, 0x4130, 0x4110, 0x5250, 0x51f1,
  0x51d1, 0xb4f9, 0x8b96, 0xacb8, 0x7af5, 0x8b76, 0x4991, 0x81ae, 0xb1e5, 0xcae7, 0xdb28, 0xb243,
  0x9140, 0x9960, 0xa9c1, 0xb223, 0xeeb8, 0xf73b, 0xd594, 0xb224, 0xedb4, 0xf77c, 0xf75c, 0xffde,
  0xabcc, 0x6840, 0xb244, 0xaa22, 0x99c1, 0x99a1, 0x9140, 0x9120, 0x8920, 0x40c4, 0x1800, 0x3080,
  0x0820, 0x0000, 0x0000, 0x0000, 0x0000, 0x0000, 0x0000, 0x0000, 0x0000, 0x0000, 0x0000, 0x0000,
  0x0000, 0x0000, 0x0000, 0x0000, 0x0000, 0x0000, 0x0000, 0x0000, 0x0000, 0x0000, 0x0000, 0x0000,
  0x0000, 0x0000, 0x0000, 0x0000, 0x10a1, 0x3183, 0x4226, 0x62ea, 0xc5f7, 0xffff, 0xffff, 0xf77d,
  0xf75c, 0xffbe, 0xe6fb, 0x2924, 0x0000, 0x0000, 0x0000, 0x0000, 0x0000, 0x0000, 0x0000, 0x0000,
  0xcd97, 0xcdf8, 0xd619, 0xcdf8, 0xbd34, 0xcbcb, 0xe3ea, 0xe3ca, 0xe3a9, 0xe3ea, 0xec8d, 0xe3aa,
  0xe3aa, 0xe369, 0xdb28, 0xe3a9, 0xe328, 0xebca, 0xebea, 0xebca, 0xe3ca, 0xd307, 0xd2c6, 0xd2e7,
  0xd2c6, 0xca85, 0xca64, 0xc203, 0xca64, 0xca64, 0xb1a1, 0xca86, 0xdac6, 0xa1ce, 0x6232, 0x6af0,
  0x4951, 0x5191, 0x6a73, 0xacb9, 0xc433, 0x7ad3, 0x6b10, 0x49b0, 0x4150, 0x6a93, 0xacb8, 0x8376,
  0x8336, 0x8315, 0x49b1, 0x79ae, 0xa9a4, 0xcac6, 0xd308, 0xa9e2, 0x9920, 0x9961, 0xa9a0, 0xba85,
  0xeed9, 0xf71a, 0xd552, 0xba03, 0xed93, 0xef5b, 0xf73b, 0xffde, 0xb42e, 0x6000, 0xa1e3, 0xba64,
  0xb222, 0xb223, 0xb243, 0xba44, 0x71c5, 0x40e4, 0x4123, 0x1020, 0x0000, 0x0020, 0x0000, 0x0000,
  0x0000, 0x0000, 0x0000, 0x0000, 0x0000, 0x0000, 0x0000, 0x0000, 0x0000, 0x0000, 0x0000, 0x0000,
  0x0000, 0x0000, 0x0000, 0x0000, 0x0000, 0x0000, 0x0000, 0x0000, 0x0000, 0x0000, 0x0000, 0x0000,
  0x0000, 0x0860, 0x2983, 0x5288, 0x630a, 0xad34, 0xffff, 0xffff, 0xf79d, 0xf77d, 0xffff, 0xbdb7,
  0x0020, 0x0000, 0x0000, 0x0000, 0x0000, 0x0000, 0x0000, 0x0000, 0xc4d4, 0xd5f8, 0xcdf8, 0xcdd8,
  0xbcd2, 0xcb49, 0xe3eb, 0xe3ea, 0xe3ea, 0xebeb, 0xe40b, 0xdb69, 0xe3aa, 0xe3aa, 0xdae7, 0xdb07,
  0xec0b, 0xec0b, 0xebca, 0xebca, 0xe369, 0xd2c6, 0xd2c6, 0xd2c6, 0xcaa5, 0xc244, 0xc244, 0xc243,
  0xc1e2, 0xc203, 0xc244, 0xcaa7, 0xdac6, 0xa9ee, 0x61d3, 0x83d1, 0x6270, 0x8b93, 0x8353, 0xa497,
  0xcbf0, 0xb4b4, 0xde9a, 0x9c35, 0xa477, 0xbd58, 0xcdb9, 0xbd59, 0x6a8d, 0x5171, 0x5a31, 0x816d,
  0xa9c4, 0xcac7, 0xcac6, 0x9980, 0x9900, 0x9961, 0xb1c2, 0xd349, 0xeed9, 0xf71a, 0xccb0, 0xc224,
  0xf572, 0xef3b, 0xf73b, 0xffbd, 0xb470, 0x5800, 0x9161, 0xba84, 0xc2a6, 0xba84, 0xaa88, 0x6105,
  0x4882, 0x6288, 0x4103, 0x1000, 0x0000, 0x0000, 0x0000, 0x0000, 0x0000, 0x0000, 0x0000, 0x0000,
  0x0000, 0x0000, 0x0000, 0x0000, 0x0000, 0x0000, 0x0000, 0x0000, 0x0000, 0x0000, 0x0000, 0x0000,
  0x0000, 0x0000, 0x0000, 0x0000, 0x0000, 0x0000, 0x0000, 0x0000, 0x0000, 0x0000, 0x0840, 0x2963,
  0x5288, 0x5ac9, 0x9cd2, 0xffff, 0xffdf, 0xf77d, 0xf79e, 0xffff, 0x630c, 0x0000, 0x0000, 0x0000,
  0x0000, 0x0000, 0x0000, 0x0000, 0x9a89, 0xcd56, 0xd5f9, 0xc5b8, 0xb42f, 0xcae7, 0xe40b, 0xe3ca,
  0xe3a9, 0xe3ca, 0xe3eb, 0xdb89, 0xebca, 0xec0b, 0xe389, 0xe348, 0xe369, 0xe38a, 0xe3ca, 0xe3ea,
  0xe389, 0xd2c6, 0xcaa6, 0xcaa6, 0xcaa5, 0xba02, 0xb1c1, 0xb1c1, 0xb9e2, 0xb181, 0xb9e3, 0xcac7,
  0xd2c6, 0xb20b, 0x8af6, 0xa456, 0x7371, 0x7b53, 0xbd58, 0xcdd8, 0xb516, 0xe6bb, 0xef1d, 0xffbf,
  0xffff, 0xffdf, 0xef1c, 0x9451, 0x3929, 0x5a30, 0x6271, 0x810b, 0xb204, 0xcac7, 0xb244, 0x9920,
  0x9100, 0xa9a1, 0xca65, 0xdbec, 0xeeb9, 0xf6fa, 0xc42e, 0xcaa5, 0xed31, 0xef1a, 0xef1a, 0xf77c,
  0xbcb0, 0x5800, 0x8101, 0xaa02, 0xcac6, 0xb286, 0x5126, 0x4820, 0x730a, 0x4164, 0x2000, 0x0800,
  0x0000, 0x0000, 0x0000, 0x0000, 0x0000, 0x0000, 0x0000, 0x0000, 0x0000, 0x0000, 0x0000, 0x0000,
  0x0000, 0x0000, 0x0000, 0x0000, 0x0000, 0x0000, 0x0000, 0x0000, 0x0000, 0x0000, 0x0000, 0x0000,
  0x0000, 0x0000, 0x0000, 0x0000, 0x0000, 0x0000, 0x0000, 0x0820, 0x2123, 0x4a47, 0x5288, 0x9cb2,
  0xffdf, 0xffbe, 0xf77d, 0xffdf, 0xe6db, 0x1081, 0x0000, 0x0000, 0x0000, 0x0000, 0x0000, 0x0000,
  0x8081, 0xa34c, 0xd5d8, 0xbd76, 0xb3ee, 0xcb07, 0xe40b, 0xe3ca, 0xe3a9, 0xe3ca, 0xec0b, 0xe3aa,
  0xebea, 0xec0b, 0xe3ca, 0xe389, 0xe348, 0xe389, 0xe3eb, 0xebeb, 0xe3ea, 0xe3a9, 0xdb48, 0xd2e7,
  0xcaa6, 0xba43, 0xb9e2, 0xb1a1, 0xb1a1, 0xa981, 0x98e0, 0xba25, 0xd2e6, 0xc228, 0x8a53, 0xac99,
  0x6a53, 0x5a6f, 0x9412, 0xf75d, 0xeefc, 0xe6dc, 0xe6dc, 0xce18, 0xa4b3, 0x7b6e, 0x6aec, 0x5a6d,
  0x6b10, 0x5a6f, 0x6992, 0x8907, 0xba44, 0xba65, 0xa1a1, 0x90e0, 0x9940, 0xc264, 0xdae7, 0xdc2d,
  0xe698, 0xeeb8, 0xbbcc, 0xdb07, 0xecf0, 0xe6fa, 0xeefa, 0xef3b, 0xbc90, 0x5800, 0x70a1, 0xaa03,
  0xdb48, 0x8a07, 0x3820, 0x72a9, 0x5a47, 0x1800, 0x2020, 0x1000, 0x0000, 0x0000, 0x0000, 0x0000,
  0x0000, 0x0000, 0x0000, 0x0000, 0x0000, 0x0000, 0x0000, 0x0000, 0x0000, 0x0000, 0x0000, 0x0000,
  0x0000, 0x0000, 0x0000, 0x0000, 0x0000, 0x0000, 0x0000, 0x0000, 0x0000, 0x0000, 0x0000, 0x0000,
  0x0000, 0x0000, 0x0000, 0x0000, 0x0840, 0x2102, 0x4226, 0x4a67, 0x9cb2, 0xffff, 0xf77d, 0xf79e,
  0xffff, 0x738d, 0x0000, 0x0000, 0x0000, 0x0000, 0x0000, 0x0000, 0x7842, 0x8103, 0xc472, 0xc556,
  0xbc70, 0xd308, 0xe40b, 0xe3ca, 0xe3ca, 0xec0b, 0xec2b, 0xe3aa, 0xec0b, 0xebea, 0xe3aa, 0xe3aa,
  0xebea, 0xec2b, 0xec0b, 0xe3aa, 0xe389, 0xe389, 0xe389, 0xe369, 0xdb28, 0xba23, 0xba02, 0xb1a1,
  0xa140, 0xb1a1, 0x90e1, 0x99c4, 0xdb07, 0xd2c7, 0xa1ce, 0xa419, 0x9bf8, 0x5172, 0x6a71, 0xc577,
  0xce19, 0xde7b, 0xad14, 0x3928, 0x412d, 0x414f, 0x5a12, 0x51f1, 0x9415, 0x9bf8, 0x710e, 0x9963,
  0xcaa6, 0xa1a1, 0x9120, 0x9100, 0xb1e2, 0xdb28, 0xdae7, 0xd42d, 0xe677, 0xe637, 0xc38b, 0xe368,
  0xe48e, 0xe6f9, 0xe6b9, 0xe71b, 0xbc8f, 0x6020, 0x7081, 0xb244, 0xdb49, 0x6945, 0x51a5, 0x730a,
  0x2000, 0x2000, 0x2820, 0x1000, 0x0000, 0x0000, 0x0000, 0x0000, 0x0000, 0x0000, 0x0000, 0x0000,
  0x0000, 0x0000, 0x0000, 0x0000, 0x0000, 0x0000, 0x0000, 0x0000, 0x0000, 0x0000, 0x0000, 0x0000,
  0x0000, 0x0000, 0x0000, 0x0000, 0x0000, 0x0000, 0x0000, 0x0000, 0x0000, 0x0000, 0x0000, 0x0000,
  0x0020, 0x0820, 0x2102, 0x4226, 0x4247, 0xb554, 0xffdf, 0xf75d, 0xffff, 0xde99, 0x0841, 0x0000,
  0x0000, 0x0000, 0x0000, 0x0000, 0x7863, 0x8062, 0x91c6, 0xbcd3, 0xc4b2, 0xd328, 0xec2b, 0xe3ca,
  0xe3ea, 0xec4c, 0xec6d, 0xe3ea, 0xec0b, 0xec4c, 0xec2b, 0xebeb, 0xe389, 0xd2e7, 0xca45, 0xc204,
  0xc204, 0xc224, 0xca85, 0xd2e6, 0xdb48, 0xa183, 0xa981, 0xa141, 0x9081, 0xa141, 0x88e1, 0x78e3,
  0xdb07, 0xd2e7, 0xc228, 0x9213, 0xc59b, 0x9397, 0x4932, 0x7b13, 0xcdf7, 0xbdb8, 0x6231, 0x4971,
  0x51b2, 0x5192, 0x4931, 0x8335, 0xc57b, 0x8254, 0x80a5, 0xba65, 0xba65, 0x9120, 0x9100, 0xa9a1,
  0xcaa6, 0xe369, 0xca85, 0xcc2d, 0xde57, 0xddd5, 0xd38a, 0xe389, 0xdc0c, 0xe6fa, 0xe6b9, 0xdeda,
  0xbc8f, 0x6860, 0x70a1, 0xba64, 0xd329, 0x6965, 0x732a, 0x38c2, 0x1800, 0x3040, 0x2820, 0x0800,
  0x0000, 0x0000, 0x0000, 0x0000, 0x0000, 0x0000, 0x0000, 0x0000, 0x0000, 0x0000, 0x0000, 0x0000,
  0x0000, 0x0000, 0x0000, 0x0000, 0x0000, 0x0000, 0x0000, 0x0000, 0x0000, 0x0000, 0x0000, 0x0000,
  0x0000, 0x0000, 0x0000, 0x0000, 0x0000, 0x0000, 0x0000, 0x0000, 0x0000, 0x0820, 0x0820, 0x2122,
  0x4247, 0x4a47, 0xd658, 0xff9e, 0xf77e, 0xffff, 0x4a28, 0x0000, 0x0000, 0x0000, 0x0000, 0x0000,
  0x7862, 0x88a3, 0x8041, 0x9289, 0xbc71, 0xcb08, 0xb265, 0xd348, 0xe3a9, 0xec0a, 0xe3ea, 0xd369,
  0xe348, 0xe389, 0xd307, 0xc204, 0xb141, 0xa901, 0xa921, 0xb142, 0xb122, 0xb121, 0xb121, 0xb141,
  0xb9c2, 0xb203, 0xa181, 0xa961, 0xb1a2, 0xa941, 0x88c1, 0x70a2, 0xd2c6, 0xd2c7, 0xd2c6, 0xa9a9,
  0x8a74, 0xbd3a, 0x8b76, 0x7291, 0x8350, 0x412f, 0x40f0, 0x4110, 0x4951, 0x6213, 0x93d6, 0xbd3a,
  0x8274, 0x78a8, 0xa9e4, 0xd307, 0xa182, 0x9100, 0xa1a1, 0xc285, 0xdb28, 0xdb49, 0xc243, 0xcc2d,
  0xde16, 0xd553, 0xdbca, 0xdb48, 0xcbab, 0xe6da, 0xde98, 0xdeba, 0xc48f, 0x78a0, 0x78e1, 0xcac6,
  0xb225, 0x7268, 0x5a27, 0x1800, 0x3020, 0x3020, 0x1800, 0x0000, 0x0000, 0x0000, 0x0000, 0x0000,
  0x0000, 0x0000, 0x0000, 0x0000, 0x0000, 0x0000, 0x0000, 0x0000, 0x0000, 0x0000, 0x0000, 0x0000,
  0x0000, 0x0000, 0x0000, 0x0000, 0x0000, 0x0000, 0x0000, 0x0000, 0x0000, 0x0000, 0x0000, 0x0000,
  0x0000, 0x0000, 0x0000, 0x0000, 0x0000, 0x0020, 0x0820, 0x0840, 0x2964, 0x3a05, 0x62ea, 0xef3c,
  0xf75d, 0xffff, 0x9cb2, 0x0000, 0x0000, 0x0000, 0x0000, 0x0000, 0x8063, 0x90a3, 0x8063, 0x7062,
  0x9aca, 0xd369, 0x88e1, 0x9982, 0xbaa6, 0xaa45, 0xa9a3, 0xc265, 0xc244, 0xc1e3, 0xb9a2, 0xc204,
  0xcaa6, 0xdb07, 0xdb07, 0xdae6, 0xdae6, 0xdac6, 0xd285, 0xc204, 0xb142, 0xb141, 0xb1e2, 0xa9a2,
  0xb181, 0x98e2, 0x5021, 0x9122, 0xd285, 0xd2e7, 0xd2c7, 0xcaa6, 0xa989, 0x8a12, 0x8b36, 0x9c37,
  0x93d6, 0x8335, 0x7294, 0x8b55, 0x72b4, 0x93f7, 0xa439, 0x8213, 0x80e9, 0xa9c4, 0xd308, 0xba65,
  0x9940, 0x9960, 0xba43, 0xdb07, 0xdb08, 0xd308, 0xb1e2, 0xc42e, 0xd616, 0xdd11, 0xdb89, 0xa9a2,
  0xbb08, 0xe6da, 0xde78, 0xd679, 0xbc6e, 0x80c0, 0x8921, 0xcac6, 0x9205, 0x6ae9, 0x2861, 0x2000,
  0x3020, 0x2820, 0x1000, 0x0000, 0x0000, 0x0000, 0x0000, 0x0000, 0x0000, 0x0000, 0x0000, 0x0000,
  0x0000, 0x0000, 0x0000, 0x0000, 0x0000, 0x0000, 0x0000, 0x0000, 0x0000, 0x0000, 0x0000, 0x0000,
  0x0000, 0x0000, 0x0000, 0x0000, 0x0000, 0x0000, 0x0000, 0x0020, 0x0020, 0x0020, 0x0020, 0x0020,
  0x0020, 0x0020, 0x0020, 0x0020, 0x1081, 0x39e5, 0x31c5, 0x9c91, 0xf77d, 0xffbe, 0xde9a, 0x0840,
  0x0000, 0x0000, 0x0000, 0x0000, 0x8082, 0x90a3, 0x7863, 0x6823, 0x78e3, 0xcb49, 0xd328, 0xa9a4,
  0x7082, 0x7082, 0xca86, 0xca86, 0xca65, 0xdac6, 0xe368, 0xebaa, 0xe389, 0xe349, 0xe348, 0xdac6,
  0xd2a5, 0xdaa5, 0xdac6, 0xdac6, 0xdac6, 0xca24, 0xb982, 0xb1c2, 0xa963, 0x5022, 0x3801, 0x9942,
  0xca44, 0xd2c7, 0xd2a7, 0xd2c7, 0xca85, 0xb1a6, 0x892c, 0x9274, 0x9b97, 0xa418, 0xa3f8, 0xa3f7,
  0x7a54, 0x79d3, 0x814d, 0x9106, 0xb204, 0xd2e7, 0xc266, 0xb203, 0xa1a0, 0xb202, 0xd2e7, 0xdb07,
  0xd2e7, 0xcac6, 0xb1c1, 0xcc4e, 0xd616, 0xcc6f, 0x9922, 0x98e1, 0xd3ab, 0xde79, 0xd637, 0xce38,
  0xbc0d, 0x80c0, 0x9162, 0xba65, 0x82c8, 0x51e5, 0x1800, 0x2021, 0x2042, 0x2820, 0x0000, 0x0000,
  0x0000, 0x0000, 0x0000, 0x0000, 0x0000, 0x0000, 0x0000, 0x0000, 0x0000, 0x0000, 0x0000, 0x0000,
  0x0000, 0x0000, 0x0000, 0x0000, 0x0000, 0x0000, 0x0000, 0x0000, 0x0000, 0x0000, 0x0000, 0x0000,
  0x0000, 0x0820, 0x0861, 0x1081, 0x1081, 0x1061, 0x0861, 0x0840, 0x0820, 0x0020, 0x0020, 0x0840,
  0x0820, 0x20e2, 0x39e5, 0x4206, 0xde79, 0xff9e, 0xff9e, 0x3186, 0x0000, 0x0000, 0x0000, 0x0000,
  0x8883, 0x9083, 0x7063, 0x7063, 0x7042, 0xaa25, 0xebca, 0xdb48, 0xa162, 0x9921, 0xdb07, 0xe389,
  0xe369, 0xe307, 0xe307, 0xe308, 0xdb28, 0xdb28, 0xe369, 0xe369, 0xdb07, 0xdae7, 0xd2c6, 0xd2a5,
  0xd2a5, 0xd2c5, 0xd2a5, 0xd2a6, 0xd2e6, 0x4860, 0x4001, 0xa142, 0xc203, 0xdae8, 0xd2c7, 0xd2a6,
  0xd2c7, 0xd2a6, 0xc244, 0xa985, 0x9129, 0x80ea, 0x810a, 0x80ea, 0x8928, 0x9945, 0xa9a3, 0xca65,
  0xd2c7, 0xc265, 0xba24, 0xc285, 0xa9c1, 0xcac6, 0xdb28, 0xd2e6, 0xc285, 0xba43, 0xa960, 0xcc2e,
  0xd5f5, 0x9aea, 0x9102, 0xdae6, 0xdbec, 0xd658, 0xcdf6, 0xc5f6, 0xb3ab, 0x80c0, 0xa1a2, 0xa245,
  0x72c9, 0x3081, 0x1800, 0x2083, 0x2062, 0x1000, 0x0000, 0x0000, 0x0000, 0x0000, 0x0000, 0x0000,
  0x0000, 0x0000, 0x0000, 0x0000, 0x0000, 0x1882, 0x0000, 0x0000, 0x0000, 0x0000, 0x0000, 0x0000,
  0x0000, 0x0000, 0x0000, 0x0000, 0x0000, 0x0000, 0x0000, 0x0000, 0x0820, 0x18a2, 0x20e3, 0x2104,
  0x2904, 0x2104, 0x18c3, 0x1082, 0x0861, 0x0840, 0x0020, 0x0820, 0x0820, 0x0860, 0x2984, 0x2963,
  0x83ee, 0xf77d, 0xffff, 0x630c, 0x0000, 0x0020, 0x0000, 0x0000, 0x90a3, 0x8883, 0x7063, 0x7063,
  0x6823, 0x9164, 0xe389, 0xd308, 0xba24, 0xb1e2, 0xb9e2, 0xba23, 0xdb48, 0xe3ca, 0xe389, 0xe3aa,
  0xe3aa, 0xe3aa, 0xe3aa, 0xe3aa, 0xe389, 0xe369, 0xe389, 0xe369, 0xc244, 0xba03, 0xba23, 0xba03,
  0xb9e2, 0x9101, 0x5022, 0x9902, 0xb9c2, 0xd2a5, 0xe349, 0xd2c7, 0xd2a6, 0xd2a7, 0xd2c7, 0xd2c6,
  0xca65, 0xba24, 0xb1e4, 0xb1e3, 0xba04, 0xca85, 0xd2c6, 0xca86, 0xc245, 0xc266, 0xd2e7, 0xc285,
  0xc264, 0xd2e6, 0xb204, 0x9942, 0x88c2, 0x7882, 0x6000, 0xb38d, 0xcd94, 0xa30a, 0xba24, 0xa141,
  0xa2a9, 0xce57, 0xc5b5, 0xc5d6, 0xb349, 0x80c0, 0x9960, 0x8a66, 0x5a06, 0x2000, 0x1800, 0x2905,
  0x1021, 0x0000, 0x0000, 0x0000, 0x0000, 0x0000, 0x0000, 0x0000, 0x0000, 0x0000, 0x0000, 0x0000,
  0x6b0c, 0xe71c, 0xad35, 0x6b0c, 0x20c3, 0x0000, 0x0000, 0x0000, 0x0000, 0x0000, 0x0000, 0x0000,
  0x0000, 0x0000, 0x0000, 0x0000, 0x1081, 0x2924, 0x39a7, 0x41e8, 0x4208, 0x41e8, 0x3186, 0x2924,
  0x1082, 0x1061, 0x0020, 0x0020, 0x0820, 0x0840, 0x18e2, 0x2983, 0x39e5, 0xd679, 0xffff, 0x8c71,
  0x0000, 0x0000, 0x0000, 0x0000, 0x90a3, 0x8883, 0x7063, 0x7063, 0x6023, 0x70c3, 0xdb27, 0xdb48,
  0xdb08, 0xd2a6, 0xd2c6, 0xca65, 0xca85, 0xe3ca, 0xebea, 0xe389, 0xdb69, 0xdb69, 0xe369, 0xe389,
  0xe3aa, 0xe3ca, 0xe3aa, 0xdb48, 0xc244, 0xba02, 0xb9c2, 0xa940, 0xa120, 0xa940, 0x7882, 0x80a2,
  0xb161, 0xb9a2, 0xe349, 0xdb28, 0xd2c7, 0xcaa6, 0xca85, 0xca86, 0xd2a6, 0xd2a6, 0xd2c7, 0xd2a6,
  0xca86, 0xca66, 0xc265, 0xd2c6, 0xd307, 0xcaa5, 0xba24, 0xa182, 0x9142, 0x80c2, 0x7042, 0x6823,
  0x7042, 0x80c2, 0xa142, 0xd46e, 0xc553, 0xa2a8, 0x8860, 0x8880, 0xc3ee, 0xc616, 0xc5b5, 0xc5f6,
  0xab29, 0x78a0, 0x9161, 0x6a87, 0x4902, 0x1800, 0x1021, 0x1883, 0x0800, 0x0000, 0x0000, 0x0000,
  0x0000, 0x0000, 0x0000, 0x0000, 0x0000, 0x0000, 0x0000, 0x1061, 0xd67a, 0xffff, 0xffff, 0xffff,
  0xce18, 0x0841, 0x0000, 0x0000, 0x0000, 0x0000, 0x0000, 0x0000, 0x0000, 0x0000, 0x0000, 0x1061,
  0x2924, 0x39e7, 0x528a, 0x5acb, 0x62ec, 0x5acb, 0x4a49, 0x3166, 0x2104, 0x1082, 0x0841, 0x0820,
  0x0841, 0x0840, 0x0860, 0x2943, 0x2122, 0x9c91, 0xffff, 0xad75, 0x0000, 0x0000, 0x0000, 0x0000,
  0x90a3, 0x8083, 0x7063, 0x6843, 0x5823, 0x6063, 0xba65, 0xdb48, 0xdb07, 0xdae7, 0xd2c6, 0xe348,
  0xdb48, 0xd2e7, 0xd2c6, 0xd2e7, 0xdb48, 0xe3aa, 0xe3ca, 0xebeb, 0xebeb, 0xec0b, 0xe3ca, 0xdb28,
  0xd2e7, 0xd2c6, 0xca84, 0xc244, 0xb9c2, 0xb161, 0x98e1, 0x7043, 0xa921, 0xc1c2, 0xd265, 0xe369,
  0xe349, 0xdb28, 0xd2c7, 0xcaa6, 0xca65, 0xc265, 0xc265, 0xca86, 0xd2a6, 0xdae7, 0xdb07, 0xc265,
  0x9963, 0x80a2, 0x7062, 0x6842, 0x6822, 0x7042, 0x8082, 0x9922, 0xb9e3, 0xd2a6, 0xd284, 0xdc6e,
  0xc532, 0x91c6, 0x80a0, 0xcaa6, 0xdd12, 0xbdb5, 0xcdd6, 0xc617, 0xa2e8, 0x7880, 0x8183, 0x5a47,
  0x3860, 0x1000, 0x20c3, 0x1862, 0x1000, 0x0000, 0x0000, 0x0000, 0x0000, 0x0000, 0x0000, 0x0000,
  0x0000, 0x0000, 0x0000, 0x526a, 0xffff, 0xffff, 0xffdf, 0xffff, 0xce79, 0x0840, 0x0000, 0x0000,
  0x0000, 0x0000, 0x0000, 0x0000, 0x0000, 0x0000, 0x0000, 0x18a2, 0x39c7, 0x5aab, 0x6b4d, 0x7b8e,
  0x738e, 0x734d, 0x5aab, 0x4208, 0x2965, 0x18a2, 0x0861, 0x0840, 0x0841, 0x0840, 0x0820, 0x18a1,
  0x1901, 0x5a89, 0xf77e, 0xce18, 0x0000, 0x0000, 0x0000, 0x0000, 0x8883, 0x7863, 0x6843, 0x5843,
  0x5823, 0x6863, 0xa1c2, 0xc284, 0xe369, 0xdb28, 0xd2c6, 0xdb08, 0xd2a6, 0xd2c6, 0xdb48, 0xe3aa,
  0xe3ca, 0xebeb, 0xebeb, 0xec0b, 0xec2b, 0xec2c, 0xec0b, 0xe389, 0xdb07, 0xd2c6, 0xcaa5, 0xc264,
  0xc244, 0xb9e2, 0xb141, 0x88a2, 0xa982, 0xdac6, 0xd265, 0xdae7, 0xe369, 0xe389, 0xe38a, 0xe389,
  0xe369, 0xe369, 0xe369, 0xdb48, 0xcac6, 0xb1e5, 0x88e3, 0x6842, 0x6822, 0x7042, 0x7881, 0x88c1,
  0x9921, 0xb1a2, 0xc223, 0xd2c6, 0xdae7, 0xca85, 0xa940, 0xc34a, 0xcd73, 0x9225, 0xa1a2, 0xdb49,
  0xd553, 0xbdb5, 0xce17, 0xce37, 0x9ae8, 0x6820, 0x71e5, 0x49c4, 0x3000, 0x1000, 0x20c3, 0x1840,
  0x1020, 0x0000, 0x0000, 0x0000, 0x0000, 0x0000, 0x0000, 0x0000, 0x0000, 0x0020, 0x0820, 0xa4b3,
  0xffff, 0xffdf, 0xffdf, 0xffff, 0x9cd2, 0x0000, 0x0000, 0x0000, 0x0000, 0x0000, 0x0000, 0x0000,
  0x0000, 0x0000, 0x0020, 0x2104, 0x4208, 0x62ec, 0x7baf, 0x8c31, 0x8c31, 0x7bcf, 0x62ec, 0x4a29,
  0x3166, 0x18c3, 0x1061, 0x0841, 0x0020, 0x0020, 0x0820, 0x0840, 0x18e0, 0x3164, 0xde9a, 0xdeba,
  0x0861, 0x0000, 0x0000, 0x0000, 0x8883, 0x7863, 0x6043, 0x5022, 0x5823, 0x70a3, 0xa202, 0xa1c1,
  0xd328, 0xdb28, 0xd2c6, 0xdb49, 0xe389, 0xe3aa, 0xe3ca, 0xebca, 0xec0b, 0xec2b, 0xec2c, 0xec2b,
  0xe3ca, 0xdb69, 0xd2c6, 0xca86, 0xcaa6, 0xcaa5, 0xca85, 0xc264, 0xc264, 0xc264, 0xc223, 0xa121,
  0xb9e4, 0xdae6, 0xe308, 0xd285, 0xdb48, 0xdb48, 0xe369, 0xe3aa, 0xeba9, 0xd307, 0xa1e4, 0x80e3,
  0x7062, 0x6802, 0x7042, 0x88c2, 0x9901, 0xa961, 0xba03, 0xca64, 0xd2a5, 0xdae6, 0xdae7, 0xd2c7,
  0xba23, 0xa140, 0xa0e0, 0xc308, 0xd5d5, 0xaae8, 0xb204, 0xdb6a, 0xcdd6, 0xbdb5, 0xd637, 0xce58,
  0x9ae9, 0x5000, 0x6a47, 0x3102, 0x2000, 0x1821, 0x1062, 0x1820, 0x0000, 0x5a8d, 0x3166, 0x0000,
  0x0000, 0x0000, 0x0000, 0x0000, 0x0000, 0x0000, 0x20e3, 0xdebb, 0xffff, 0xffff, 0xffff, 0xffff,
  0x6b4c, 0x0000, 0x0000, 0x0000, 0x0000, 0x0000, 0x0000, 0x0000, 0x0000, 0x0000, 0x0840, 0x3165,
  0x526a, 0x736d, 0x8410, 0x9492, 0x9492, 0x83ef, 0x6b0c, 0x526a, 0x3166, 0x2104, 0x1061, 0x0020,
  0x0020, 0x0020, 0x0020, 0x0000, 0x1080, 0x20e1, 0xbdb6, 0xe6fb, 0x18c2, 0x0000, 0x0000, 0x0000,
  0x8082, 0x7063, 0x5823, 0x5022, 0x6023, 0x78c3, 0x91c1, 0xa1c1, 0xba84, 0xdb07, 0xd2c6, 0xe369,
  0xe3ca, 0xe3aa, 0xebeb, 0xec2b, 0xec0b, 0xdb89, 0xd2e7, 0xca86, 0xcac6, 0xdb28, 0xdb49, 0xdb68,
  0xc225, 0xa963, 0xb161, 0xb162, 0xb181, 0xb9a2, 0xb9c2, 0xb9a2, 0xc224, 0xd2c6, 0xdae7, 0xd265,
  0xd2c7, 0xdae7, 0xdae6, 0xca85, 0x9964, 0x6062, 0x6002, 0x7861, 0x90e1, 0xa982, 0xba03, 0xba02,
  0xca64, 0xd2c6, 0xd2e6, 0xd2e7, 0xd2e7, 0xcaa6, 0xc264, 0xba02, 0xa981, 0xb1e2, 0xc223, 0xd349,
  0xd594, 0xd534, 0xee9a, 0xedb5, 0xc5d5, 0xb512, 0xce16, 0xd658, 0x7a89, 0x3000, 0x6a88, 0x2080,
  0x1800, 0x1821, 0x0821, 0x2020, 0x0000, 0x62ee, 0x2925, 0x0820, 0x0000, 0x0000, 0x0000, 0x0000,
  0x0000, 0x0000, 0x4a08, 0xffdf, 0xffff, 0xffff, 0xffff, 0xf79d, 0x4206, 0x0000, 0x0000, 0x0000,
  0x0000, 0x0000, 0x0000, 0x0000, 0x0000, 0x0000, 0x1061, 0x3165, 0x528a, 0x738e, 0x8c51, 0x9cb3,
  0x9471, 0x8c51, 0x736e, 0x528a, 0x3166, 0x18c3, 0x0861, 0x0020, 0x0841, 0x0020, 0x0020, 0x0000,
  0x0840, 0x1080, 0xa4d3, 0xef3c, 0x2945, 0x0000, 0x0000, 0x0000, 0x7863, 0x6843, 0x5022, 0x5843,
  0x6043, 0x78c3, 0x99e1, 0x99a1, 0xa202, 0xcac6, 0xd2e7, 0xdb48, 0xe389, 0xe389, 0xdb28, 0xba45,
  0xa9c4, 0xba05, 0xcae7, 0xe38a, 0xebeb, 0xe3ca, 0xcac6, 0xb161, 0xb9c4, 0xdb28, 0xdb07, 0xdb07,
  0xdb28, 0xdb48, 0xdb69, 0xdb69, 0xdb48, 0xd307, 0xd2c5, 0xca44, 0xc244, 0xca43, 0x9941, 0x6041,
  0x5802, 0x6842, 0x9962, 0xb223, 0xc285, 0xcac5, 0xba22, 0xca85, 0xdae7, 0xdb07, 0xd308, 0xd308,
  0xba23, 0xb202, 0xb1e2, 0xb9e2, 0xc264, 0xca65, 0xca85, 0xe349, 0xccb0, 0xef3c, 0xffff, 0xe6da,
  0x9c6f, 0x9c4f, 0xcdf6, 0xd658, 0x6a89, 0x2861, 0x6267, 0x2840, 0x0800, 0x1820, 0x0000, 0x1000,
  0x0800, 0x0000, 0x0000, 0x0000, 0x0000, 0x0000, 0x0000, 0x0000, 0x0000, 0x0000, 0x7b6e, 0xffff,
  0xffdf, 0xffdf, 0xffff, 0xce79, 0x20e2, 0x0000, 0x0000, 0x0000, 0x0000, 0x0000, 0x0000, 0x0000,
  0x0000, 0x0020, 0x18a2, 0x3186, 0x5aab, 0x738e, 0x8c51, 0x9472, 0x9472, 0x9472, 0x6b4d, 0x528a,
  0x3186, 0x18c3, 0x1082, 0x1061, 0x0020, 0x0000, 0x0000, 0x0000, 0x0841, 0x0820, 0x83ef, 0xf75d,
  0x2124, 0x0000, 0x0000, 0x0000, 0x7863, 0x6043, 0x5022, 0x6043, 0x6843, 0x80c3, 0xaa03, 0xa1e2,
  0x99c1, 0xb264, 0xcae7, 0xca85, 0xb9e3, 0x8922, 0x7081, 0x9102, 0xc2a6, 0xe3aa, 0xebea, 0xdb89,
  0xca85, 0xb9a2, 0xb9a3, 0xd2c7, 0xebca, 0xebeb, 0xec0b, 0xe3ea, 0xe3ca, 0xe3a9, 0xdb89, 0xdb48,
  0xdb89, 0xe389, 0xdb28, 0xc285, 0xa141, 0x80c1, 0x6042, 0x6022, 0x80c1, 0xa981, 0xba43, 0xcaa6,
  0xdb29, 0xcaa6, 0xcac6, 0xd2e6, 0xcaa6, 0xcaa6, 0xdb28, 0xd308, 0xb1c1, 0xba23, 0xc244, 0xcaa5,
  0xd2c6, 0xd2c6, 0xdb07, 0xdb28, 0xdc6f, 0xef5d, 0xffff, 0xe6ba, 0x836b, 0x8b6b, 0xcdd6, 0xde99,
  0x6a89, 0x30c2, 0x5206, 0x3020, 0x0800, 0x2000, 0x0800, 0x1000, 0x0000, 0x0000, 0x0000, 0x0000,
  0x0000, 0x0000, 0x0000, 0x0000, 0x0000, 0x0000, 0x9c92, 0xffff, 0xffff, 0xffff, 0xffff, 0xa4f3,
  0x0020, 0x0000, 0x0000, 0x0000, 0x0000, 0x0000, 0x0000, 0x0000, 0x0000, 0x0840, 0x18a2, 0x3186,
  0x528a, 0x736e, 0x83ef, 0x9492, 0x9492, 0x8c31, 0x738e, 0x5aab, 0x3186, 0x18c3, 0x0861, 0x0840,
  0x0020, 0x0000, 0x0000, 0x0000, 0x0820, 0x0000, 0x6b0b, 0xce38, 0x5249, 0x2904, 0x0000, 0x0000,
  0x7863, 0x5843, 0x5022, 0x6843, 0x7863, 0x80c2, 0xa202, 0xaa03, 0xaa03, 0xb264, 0xb223, 0x8101,
  0x4000, 0x4000, 0xa1c4, 0xe348, 0xdb48, 0xdb69, 0xd2e7, 0xb9e3, 0xc244, 0xd2e7, 0xe369, 0xe369,
  0xe3aa, 0xec0b, 0xe3ea, 0xdb69, 0xdb48, 0xdb48, 0xd308, 0xdb48, 0xe3a9, 0xe3a9, 0xdb28, 0xcae6,
  0xa9c3, 0x5802, 0x7082, 0xa161, 0xba02, 0xc263, 0xcaa5, 0xd328, 0xd2e7, 0xcac6, 0xdb29, 0xdb28,
  0xcae6, 0xd2e7, 0xdb49, 0xdb28, 0xb1e2, 0xba23, 0xdae7, 0xdb08, 0xdae7, 0xdb07, 0xdb28, 0xd308,
  0xdbec, 0xffbe, 0xffff, 0xe6db, 0x6266, 0x59a4, 0xcdf6, 0xde99, 0x6289, 0x2903, 0x4143, 0x3000,
  0x1000, 0x1000, 0x0800, 0x1000, 0x0000, 0x0000, 0x0000, 0x0000, 0x0000, 0x0000, 0x0000, 0x0000,
  0x0000, 0x0000, 0x2924, 0x738e, 0xa514, 0xc618, 0xe71c, 0x62ea, 0x0000, 0x0000, 0x0000, 0x0000,
  0x0000, 0x0000, 0x0000, 0x0000, 0x0000, 0x0020, 0x18a2, 0x2945, 0x4a29, 0x630c, 0x7bcf, 0x8c51,
  0x9452, 0x8410, 0x6b2d, 0x4a29, 0x3166, 0x18c3, 0x0840, 0x0020, 0x0020, 0x0000, 0x0000, 0x0000,
  0x0000, 0x0020, 0x20e3, 0x20e3, 0x2924, 0x4a29, 0x0020, 0x0000, 0x7863, 0x5843, 0x5843, 0x7063,
  0x7863, 0x78a3, 0x99e1, 0xa9e2, 0xb244, 0xa9e2, 0x6881, 0x3000, 0x4841, 0xa162, 0xd2c5, 0xdb49,
  0xdb69, 0xdb28, 0xcaa6, 0xdb49, 0xebea, 0xe3a9, 0xe369, 0xe3ca, 0xec0b, 0xdb89, 0xd2e7, 0xca85,
  0xd285, 0xd2c6, 0xe368, 0xe3c9, 0xe389, 0xd307, 0xc2a5, 0xc2a5, 0xc2c5, 0x8922, 0x88e0, 0x9981,
  0x89a3, 0x8a04, 0xa245, 0xb245, 0xcaa6, 0xdb49, 0xdb49, 0xdb69, 0xe38a, 0xdb49, 0xd307, 0xd328,
  0xba03, 0xc244, 0xdb28, 0xdae7, 0xdb28, 0xd328, 0xcb07, 0xcac7, 0xdc2e, 0xffff, 0xeefc, 0xe6bb,
  0x5a26, 0x4943, 0xbd95, 0xde99, 0x62ca, 0x2903, 0x38e2, 0x3000, 0x1000, 0x0800, 0x0800, 0x0800,
  0x0000, 0x0000, 0x0000, 0x0000, 0x0000, 0x0000, 0x0000, 0x0000, 0x0000, 0x0000, 0x0000, 0x0820,
  0x1082, 0x20e3, 0x2924, 0x0861, 0x0000, 0x0000, 0x0000, 0x0000, 0x0000, 0x0000, 0x0000, 0x0000,
  0x0000, 0x0000, 0x1081, 0x2924, 0x39c7, 0x5acb, 0x738e, 0x83ef, 0x83f0, 0x7bcf, 0x62ec, 0x4a29,
  0x3165, 0x18a2, 0x0840, 0x0020, 0x0000, 0x0000, 0x0000, 0x0000, 0x0000, 0x0000, 0x18c3, 0x2104,
  0x18a3, 0x0861, 0x0000, 0x0000, 0x7063, 0x5022, 0x6843, 0x7863, 0x7863, 0x7883, 0xa1c1, 0xaa23,
  0xb223, 0x80c1, 0x3001, 0x3821, 0x90c1, 0xc223, 0xd2c6, 0xd2e7, 0xd328, 0xdb69, 0xe3aa, 0xe3ca,
  0xe3aa, 0xe3ca, 0xec0b, 0xe3eb, 0xdb28, 0xca85, 0xca44, 0xd285, 0xdb07, 0xe389, 0xe3ca, 0xdb89,
  0xcac6, 0xcac6, 0xcae7, 0xcae6, 0xcac6, 0xb243, 0x6942, 0x93cf, 0xc5f8, 0xdebb, 0xde79, 0xc554,
  0xb3ac, 0xc2e7, 0xe369, 0xe3aa, 0xd328, 0xdb28, 0xd307, 0xd2e7, 0xc265, 0xcaa6, 0xe369, 0xe389,
  0xcb07, 0xa1c1, 0xbac6, 0xbbab, 0xc533, 0xffff, 0xf75d, 0xf77e, 0x5a67, 0x4163, 0xb574, 0xe6da,
  0x6aeb, 0x2903, 0x30a1, 0x3820, 0x1000, 0x0000, 0x1800, 0x0000, 0x0000, 0x0000, 0x0000, 0x0000,
  0x0000, 0x0000, 0x0000, 0x0000, 0x0000, 0x0000, 0x0000, 0x0000, 0x0000, 0x0000, 0x0000, 0x0000,
  0x0000, 0x0000, 0x0000, 0x0000, 0x0000, 0x0000, 0x0000, 0x0000, 0x0000, 0x0000, 0x0840, 0x18c2,
  0x3165, 0x4a49, 0x6b2c, 0x7bae, 0x738e, 0x6b2d, 0x5acb, 0x4208, 0x2945, 0x1082, 0x0020, 0x0000,
  0x0000, 0x0000, 0x0000, 0x0000, 0x0000, 0x0020, 0x18e3, 0x41e8, 0x9cd3, 0xa4f3, 0x18e3, 0x0000,
  0x7063, 0x5823, 0x7063, 0x8063, 0x7063, 0x7063, 0x99c2, 0xb243, 0x9161, 0x5822, 0x3020, 0x5841,
  0x9921, 0xcac6, 0xdb07, 0xd2e7, 0xcac6, 0xdb48, 0xe3ca, 0xe3ca, 0xe3eb, 0xec0b, 0xe3ca, 0xe3a9,
  0xdb69, 0xe369, 0xe368, 0xe369, 0xebea, 0xe3ea, 0xe389, 0xd307, 0xdb48, 0xe3a9, 0xe369, 0xdb48,
  0xd328, 0xd2c6, 0xab6b, 0xffde, 0xffff, 0xffff, 0xffff, 0xffff, 0xf79d, 0xcd75, 0xb308, 0xd2e7,
  0xdb49, 0xdb49, 0xdb48, 0xdb69, 0xc265, 0xca85, 0xe369, 0xdb69, 0x8921, 0x8142, 0xabcb, 0x5944,
  0x9bce, 0xffff, 0xffff, 0xe71c, 0x7b0b, 0x3943, 0xbd74, 0xef1b, 0x83ae, 0x2923, 0x2060, 0x3020,
  0x1000, 0x0000, 0x1800, 0x0800, 0x0000, 0x0000, 0x0000, 0x0000, 0x0000, 0x0000, 0x0000, 0x0000,
  0x0000, 0x0000, 0x0000, 0x0000, 0x0000, 0x0000, 0x0000, 0x0000, 0x0000, 0x0000, 0x0000, 0x0000,
  0x0000, 0x0000, 0x0000, 0x0000, 0x0000, 0x0000, 0x0020, 0x1081, 0x2104, 0x39a6, 0x528a, 0x62ec,
  0x6b0c, 0x630c, 0x5aab, 0x39c7, 0x18c3, 0x0840, 0x0020, 0x0020, 0x0000, 0x0000, 0x0000, 0x0000,
  0x0000, 0x0841, 0x3145, 0x83f0, 0x83ef, 0xad55, 0x62eb, 0x0000, 0x6842, 0x5843, 0x7863, 0x7863,
  0x7063, 0x6843, 0x91a2, 0xa202, 0x78a2, 0x5022, 0x4021, 0x8081, 0xb202, 0xa1a2, 0xc285, 0xdb28,
  0xd308, 0xd2e7, 0xdb28, 0xdb69, 0xe389, 0xdb48, 0xdb28, 0xdb69, 0xe369, 0xdb68, 0xdb28, 0xebca,
  0xe3ca, 0xe389, 0xdb48, 0xdb89, 0xebea, 0xe3ca, 0xe3a9, 0xdb69, 0xdb48, 0xdb28, 0xaaa6, 0xbd74,
  0xffff, 0xffff, 0xffff, 0xffff, 0xff7d, 0xf75c, 0xc5d6, 0xb2e7, 0xe369, 0xdbaa, 0xe38a, 0xd328,
  0xcac6, 0xcaa5, 0xe368, 0x99a3, 0x4800, 0x7aa8, 0x59a2, 0x4000, 0x69c5, 0xd658, 0xde78, 0x9c50,
  0x940f, 0x28e1, 0xb554, 0xef1b, 0x9c91, 0x3164, 0x1820, 0x3061, 0x18a1, 0x0000, 0x1800, 0x0800,
  0x0000, 0x0000, 0x0000, 0x0000, 0x0000, 0x0000, 0x0000, 0x0000, 0x0000, 0x0000, 0x0000, 0x0000,
  0x0000, 0x0000, 0x0000, 0x0000, 0x0000, 0x0000, 0x0000, 0x0000, 0x0000, 0x0000, 0x0000, 0x0000,
  0x0000, 0x0000, 0x0000, 0x0840, 0x2103, 0x3165, 0x4208, 0x526a, 0x5aaa, 0x528a, 0x4a49, 0x2945,
  0x18c3, 0x1061, 0x0840, 0x0020, 0x0000, 0x0000, 0x0000, 0x0000, 0x0000, 0x0841, 0x3165, 0xad34,
  0x5249, 0x9c92, 0x7bef, 0x0000, 0x70a3, 0x6842, 0x8082, 0x7063, 0x7063, 0x6023, 0x8982, 0x9181,
  0x6842, 0x5043, 0x5822, 0x9121, 0xa1a2, 0x7880, 0xba44, 0xd328, 0xd308, 0xdb48, 0xdb28, 0xd2e7,
  0xcaa5, 0xd2e6, 0xd2e7, 0xca64, 0xc1e2, 0xca44, 0xe389, 0xe3ea, 0xe389, 0xe389, 0xe3aa, 0xe3ea,
  0xebea, 0xe3ca, 0xe3aa, 0xe3a9, 0xe389, 0xdb48, 0xcae6, 0xab6a, 0xce16, 0xbd94, 0xa4b0, 0xd658,
  0xffbe, 0xef1b, 0xef1c, 0xb4b1, 0xbaa6, 0xe369, 0xd328, 0xd308, 0xd308, 0xd2c6, 0xd307, 0x4020,
  0x4144, 0x9c0d, 0x9c0e, 0x71a5, 0x5840, 0x4880, 0x5123, 0x7ae9, 0xce17, 0x3143, 0xa4b1, 0xe6fa,
  0xb534, 0x4a27, 0x1881, 0x38a2, 0x2924, 0x0000, 0x1000, 0x1000, 0x0000, 0x0000, 0x0000, 0x0000,
  0x0000, 0x0000, 0x0000, 0x0000, 0x0000, 0x0000, 0x0000, 0x0000, 0x0000, 0x0000, 0x0000, 0x0000,
  0x0000, 0x0000, 0x0000, 0x0000, 0x0000, 0x0000, 0x0000, 0x0000, 0x0000, 0x0000, 0x0000, 0x0020,
  0x2123, 0x39c6, 0x4207, 0x5acb, 0x736d, 0x5aeb, 0x4a49, 0x39a7, 0x2104, 0x0861, 0x0020, 0x0000,
  0x0000, 0x0000, 0x0000, 0x0000, 0x0000, 0x0840, 0x39c7, 0x6b2b, 0x4a28, 0x6b2c, 0x528a, 0x0000,
  0x930c, 0x7062, 0x7862, 0x6843, 0x7063, 0x5823, 0x7922, 0x8921, 0x6843, 0x6043, 0x7062, 0xa181,
  0x9102, 0x80a1, 0xb222, 0xcac6, 0xdb48, 0xdb48, 0xdb28, 0xca65, 0xca64, 0xc223, 0xb9a2, 0xc1a2,
  0xd2a6, 0xebeb, 0xec0b, 0xe3a9, 0xe3a9, 0xe3ca, 0xec0b, 0xebeb, 0xe3eb, 0xebea, 0xf40b, 0xdb48,
  0x9a04, 0x7142, 0x60e1, 0x7961, 0x51e5, 0x8bee, 0xb534, 0xa4d1, 0xce17, 0xf77d, 0xeefb, 0xd679,
  0x9266, 0xdb07, 0xdb69, 0xe38a, 0xd348, 0xd307, 0xcac6, 0x2800, 0x6aca, 0xd637, 0xde99, 0x7aa9,
  0x5840, 0x4861, 0x3000, 0x4103, 0xc5d6, 0x6ac9, 0xb553, 0xdeb9, 0xc5f6, 0x5a68, 0x2902, 0x2881,
  0x18a2, 0x0000, 0x0000, 0x0800, 0x0000, 0x0000, 0x0000, 0x0000, 0x0000, 0x0000, 0x0000, 0x0000,
  0x0000, 0x0000, 0x0000, 0x0000, 0x0000, 0x0000, 0x0000, 0x0000, 0x0000, 0x0000, 0x0000, 0x0000,
  0x0000, 0x0000, 0x0000, 0x0000, 0x0000, 0x0000, 0x0000, 0x0020, 0x2123, 0x39c6, 0x4228, 0x5aeb,
  0x630c, 0x5acb, 0x4208, 0x2924, 0x0861, 0x0000, 0x0000, 0x0000, 0x0000, 0x0000, 0x0000, 0x0000,
  0x0000, 0x0841, 0x4a49, 0x31a5, 0x18c2, 0x20e3, 0x62ab, 0x0000, 0xb4f4, 0x9249, 0x7022, 0x6843,
  0x6863, 0x5823, 0x60a2, 0x80e1, 0x7043, 0x7862, 0x88a1, 0xa9c1, 0x88c2, 0x88c2, 0xa1c0, 0xa1c1,
  0xdb69, 0xdb28, 0xca64, 0xdb07, 0xd285, 0xca04, 0xd286, 0xe368, 0xec0b, 0xec2b, 0xe3ca, 0xe3ca,
  0xe3eb, 0xec0b, 0xec0b, 0xec0b, 0xf42b, 0xdb69, 0x7963, 0x3840, 0x2800, 0x2840, 0x1840, 0x4080,
  0x51a4, 0xb513, 0xef1c, 0xbd75, 0xbd94, 0xe6da, 0xef1b, 0xef3c, 0x8b0a, 0xba65, 0xe38a, 0xdb49,
  0xd308, 0xdb28, 0xaa04, 0x1800, 0x83ad, 0xe699, 0xde99, 0x9c2f, 0x3800, 0x5041, 0x58a1, 0x5922,
  0x72ea, 0x9c90, 0xc5d5, 0xde99, 0xce17, 0x62c9, 0x2943, 0x2040, 0x0820, 0x0000, 0x0000, 0x0000,
  0x0000, 0x0000, 0x0000, 0x0000, 0x0000, 0x0000, 0x0000, 0x0000, 0x0000, 0x0000, 0x0000, 0x0000,
  0x0000, 0x0000, 0x0000, 0x0000, 0x0000, 0x0000, 0x0000, 0x0000, 0x0000, 0x0000, 0x0000, 0x0000,
  0x0000, 0x0000, 0x0000, 0x0020, 0x1081, 0x18e2, 0x10a1, 0x0840, 0x0020, 0x1082, 0x0840, 0x0000,
  0x0000, 0x0000, 0x0000, 0x0000, 0x0000, 0x0000, 0x0000, 0x0000, 0x0000, 0x0840, 0x5aab, 0x31a6,
  0x1061, 0x0000, 0x6b2d, 0x9cb3, 0xb4f4, 0xac92, 0x81a7, 0x6822, 0x6863, 0x5022, 0x5842, 0x78a1,
  0x7861, 0x88a1, 0x9920, 0xa9c1, 0x88a2, 0x90e2, 0xb1e1, 0xa9e2, 0xd328, 0xc244, 0xcac6, 0xd2e7,
  0xd265, 0xe369, 0xe348, 0xe3aa, 0xec0b, 0xe3eb, 0xe3ea, 0xec0b, 0xec0b, 0xe3eb, 0xec2b, 0xebea,
  0xaa68, 0x48a4, 0x624a, 0x7acc, 0x6187, 0x5121, 0x6204, 0x48e3, 0x38e2, 0x9430, 0xb514, 0x9c50,
  0x9c70, 0xce38, 0xef1b, 0xef1b, 0x8bad, 0xa204, 0xe369, 0xd328, 0xd328, 0xd306, 0x8142, 0x2000,
  0x730a, 0xef1a, 0xef3b, 0xc5b6, 0x4881, 0xaa24, 0xba85, 0x7921, 0x93ad, 0xa4b1, 0xc5f6, 0xde99,
  0xcdf6, 0x72e9, 0x1881, 0x1000, 0x0820, 0x0000, 0x0000, 0x0000, 0x0000, 0x0000, 0x0000, 0x0000,
  0x0000, 0x0000, 0x0000, 0x0000, 0x0000, 0x0000, 0x0000, 0x0000, 0x0000, 0x0000, 0x0000, 0x0000,
  0x0000, 0x0000, 0x0000, 0x0000, 0x0000, 0x0000, 0x0000, 0x0000, 0x0000, 0x0000, 0x0000, 0x0000,
  0x0000, 0x0000, 0x0000, 0x0000, 0x0000, 0x0000, 0x0000, 0x0000, 0x0000, 0x0000, 0x0000, 0x0000,
  0x0000, 0x0000, 0x0000, 0x0000, 0x0000, 0x18c2, 0x630b, 0x2944, 0x1082, 0x0820, 0x39c7, 0xd67a,
  0xacb2, 0xbd76, 0xac51, 0x70c4, 0x6043, 0x5022, 0x5823, 0x7082, 0x80a1, 0x9101, 0xa160, 0xa9a0,
  0x90c2, 0x90a2, 0xb1e1, 0xba44, 0xc285, 0xb9a2, 0xd2a6, 0xca44, 0xdb07, 0xe369, 0xe3a9, 0xe3ca,
  0xe3ea, 0xe3ea, 0xec0b, 0xec0b, 0xec0b, 0xf40b, 0xcb28, 0x6946, 0x3064, 0x7b0e, 0xe69b, 0x7b0d,
  0x1861, 0x0800, 0x0000, 0x2860, 0x2860, 0x62aa, 0xe6bb, 0x72ea, 0x3942, 0xc5f6, 0xe6fb, 0xde99,
  0x834c, 0xa204, 0xe38a, 0xd328, 0xd308, 0xcaa5, 0x60a1, 0x2000, 0x6a07, 0x93ee, 0x734b, 0x730a,
  0x71e7, 0xa9c2, 0x7100, 0x89a3, 0xc48f, 0x8c0f, 0x944f, 0xce37, 0xc5b6, 0x6aa9, 0x18a1, 0x1800,
  0x1000, 0x0000, 0x0000, 0x0000, 0x0000, 0x0000, 0x0000, 0x0000, 0x0000, 0x0000, 0x0000, 0x0000,
  0x0000, 0x0000, 0x0000, 0x0000, 0x0000, 0x0000, 0x0000, 0x0000, 0x0000, 0x0000, 0x0000, 0x0000,
  0x0000, 0x0000, 0x0000, 0x0000, 0x0000, 0x0000, 0x0000, 0x0000, 0x0000, 0x0000, 0x0000, 0x0000,
  0x0000, 0x0000, 0x0000, 0x0000, 0x0000, 0x0000, 0x0000, 0x0000, 0x0000, 0x0000, 0x0000, 0x0000,
  0x0020, 0x0840, 0x4208, 0x6b4c, 0x2944, 0x1061, 0x4a08, 0xb556, 0xb514, 0xc597, 0xb535, 0x932c,
  0x6042, 0x5022, 0x6043, 0x7863, 0x88e1, 0xa981, 0xa180, 0xa1a0, 0x9901, 0x8882, 0xa980, 0xba85,
  0xb9c3, 0xca44, 0xdb28, 0xdb69, 0xe3a9, 0xe3ca, 0xebeb, 0xec0b, 0xe389, 0xe3aa, 0xe3eb, 0xebeb,
  0xe368, 0x91e4, 0x3864, 0x4127, 0x7b0e, 0x8b4f, 0x2882, 0x0000, 0x0000, 0x0000, 0x1002, 0x2045,
  0x2864, 0x49e6, 0x5a68, 0x28a0, 0x4163, 0xdeba, 0xde99, 0xcdd6, 0x6a48, 0xaa45, 0xe369, 0xd308,
  0xdb28, 0xaa04, 0x4801, 0x6080, 0x79a4, 0x6248, 0x28c1, 0x3943, 0x59c6, 0x5080, 0x7142, 0xd2e7,
  0xbc0d, 0xc5d6, 0xa4b1, 0xbd95, 0xbd74, 0x6288, 0x2923, 0x1800, 0x2820, 0x0000, 0x0000, 0x0000,
  0x0000, 0x0000, 0x0000, 0x0000, 0x0000, 0x0000, 0x0000, 0x0000, 0x0000, 0x0000, 0x0000, 0x0000,
  0x0000, 0x0000, 0x0000, 0x0000, 0x0000, 0x0000, 0x0000, 0x0000, 0x0000, 0x0000, 0x0000, 0x0000,
  0x0000, 0x0000, 0x0000, 0x0000, 0x0000, 0x0000, 0x0000, 0x0000, 0x0000, 0x0000, 0x0000, 0x0000,
  0x0000, 0x0000, 0x0000, 0x0000, 0x0000, 0x0000, 0x0000, 0x0000, 0x0020, 0x0840, 0x20e3, 0x62eb,
  0x5269, 0x18e3, 0x3165, 0xa4f4, 0xbd55, 0xc597, 0xacd3, 0x9c30, 0x8228, 0x5822, 0x6043, 0x7863,
  0x80a1, 0xa9a1, 0xa1a1, 0x9980, 0xa181, 0x8881, 0xa160, 0xba23, 0xca03, 0xba25, 0xa1c4, 0xdb68,
  0xdb48, 0xd327, 0xd328, 0xdb48, 0xe38a, 0xdb89, 0xdb07, 0xb225, 0x5080, 0x2002, 0x72ee, 0xb4d6,
  0x622a, 0x1021, 0x0000, 0x0000, 0x0000, 0x1002, 0x2025, 0x2046, 0x2868, 0x4168, 0x62a8, 0x8bcd,
  0xce17, 0xf77d, 0xcdf6, 0xb4f2, 0x5943, 0xd2e7, 0xdb49, 0xdb28, 0xdb07, 0x9142, 0x9163, 0xcaa4,
  0x9265, 0x59c5, 0x30c1, 0x4164, 0x30a1, 0x3020, 0x9963, 0xd2e7, 0xbc4e, 0xc5f6, 0xde78, 0xc5f6,
  0xacf2, 0x59e6, 0x41c5, 0x0000, 0x2020, 0x0800, 0x0000, 0x0000, 0x0000, 0x0000, 0x0000, 0x0000,
  0x0000, 0x0000, 0x0000, 0x0000, 0x0000, 0x0000, 0x0000, 0x0000, 0x0000, 0x0000, 0x0000, 0x0000,
  0x0000, 0x0000, 0x0000, 0x0000, 0x0000, 0x0000, 0x0000, 0x0000, 0x0000, 0x0000, 0x0000, 0x0000,
  0x0000, 0x0000, 0x0000, 0x0000, 0x0000, 0x0000, 0x0000, 0x0000, 0x0000, 0x0000, 0x0000, 0x0000,
  0x0000, 0x0000, 0x0000, 0x0000, 0x18c2, 0x3185, 0x0000, 0x4a48, 0x5289, 0x20e3, 0x3186, 0x6b4d,
  0xbd76, 0xb514, 0x940f, 0x93ee, 0xa451, 0x8208, 0x6822, 0x8082, 0x7043, 0x78e1, 0xa1c1, 0x9960,
  0xa1a0, 0x90e1, 0x90c1, 0xc265, 0xd2a5, 0x7082, 0x8962, 0x91a2, 0x70e1, 0x6081, 0x80e2, 0xc2a6,
  0xd327, 0xba23, 0x8900, 0x2800, 0x2044, 0x8371, 0xffbf, 0x7aee, 0x0000, 0x0000, 0x0000, 0x0000,
  0x1003, 0x2048, 0x308b, 0x40ed, 0x516f, 0x59cf, 0x6a4f, 0xc598, 0xffff, 0xce17, 0xcd74, 0x7aca,
  0x91c4, 0xeb89, 0xdb28, 0xdb28, 0xd2e7, 0xba64, 0xcac5, 0xbaa5, 0xa1c2, 0x5922, 0x4163, 0x5205,
  0x4963, 0x38c1, 0x81a3, 0xd307, 0xccb0, 0xc5d6, 0xd637, 0xc5f6, 0xac90, 0x6923, 0x5246, 0x0000,
  0x1840, 0x2860, 0x0800, 0x0000, 0x0000, 0x0000, 0x0000, 0x0000, 0x0000, 0x0000, 0x0000, 0x0000,
  0x0000, 0x0000, 0x0000, 0x0000, 0x0000, 0x0000, 0x0000, 0x0000, 0x0000, 0x0000, 0x0000, 0x0000,
  0x0000, 0x0000, 0x0000, 0x0000, 0x0000, 0x0000, 0x0000, 0x0000, 0x0000, 0x0000, 0x0000, 0x0000,
  0x0000, 0x0000, 0x0000, 0x0000, 0x0000, 0x0000, 0x0000, 0x0000, 0x0000, 0x0000, 0x0000, 0x10a2,
  0x41e6, 0x3184, 0x1081, 0x18c2, 0x4a28, 0x39a6, 0x4207, 0x18e3, 0xbd35, 0xa471, 0x8bae, 0x93ee,
  0xacb2, 0xa431, 0x8186, 0x7842, 0x6043, 0x5842, 0x9161, 0x9160, 0xa1a0, 0x9941, 0x88a1, 0xba23,
  0xa182, 0x3801, 0x3840, 0x4000, 0x7902, 0xb205, 0xd307, 0xc2a5, 0xa981, 0x7080, 0x2000, 0x2063,
  0x518a, 0xce1c, 0x9c12, 0x0000, 0x0000, 0x0000, 0x0000, 0x1003, 0x2848, 0x30ab, 0x40ed, 0x5190,
  0x61f1, 0x59f1, 0x2025, 0x5a09, 0xbd95, 0xb4d2, 0x93ad, 0x5902, 0xdb28, 0xdb48, 0xdb49, 0xd307,
  0xcae7, 0xcac6, 0xcac6, 0xb244, 0x81e4, 0x6206, 0x49c5, 0x51c4, 0x4984, 0x1860, 0x3060, 0xb244,
  0xc490, 0xc5d5, 0xd616, 0xce17, 0xb4b0, 0x9981, 0x7287, 0x28e3, 0x2040, 0x2860, 0x1820, 0x0000,
  0x0800, 0x0000, 0x0000, 0x0000, 0x0000, 0x0000, 0x0000, 0x0000, 0x0000, 0x0000, 0x0000, 0x0000,
  0x0000, 0x0000, 0x0000, 0x0000, 0x0000, 0x0000, 0x0000, 0x0000, 0x0000, 0x0000, 0x0000, 0x0000,
  0x0000, 0x0000, 0x0000, 0x0000, 0x0000, 0x0000, 0x0000, 0x0000, 0x0000, 0x0000, 0x0000, 0x0000,
  0x0000, 0x0000, 0x0000, 0x0000, 0x0000, 0x0000, 0x0000, 0x5269, 0x6b4b, 0x1080, 0x20e2, 0x20e2,
  0x4a07, 0x3185, 0x3185, 0x0840,
};
